[
	{"flags":0,"id":"327222f3557e41c7b27def4e8a9c7180","signature":"A"},
	{"flags":0,"id":"a586bd0487a04873b70241a65ef5edc0","signature":"A/_Ui"},
	{"flags":0,"id":"df6a6cf7a3e548398142055ee87d7a89","signature":"Abbr"},
	{"flags":0,"id":"9644527bbdb743458e0229240e9508f2","signature":"Abbr/_Ui"},
	{"flags":0,"id":"a0b98f0df8a343bbb2ae11f345a00c64","signature":"AbstractFile"},
	{"flags":0,"id":"348296a1918c4a11aa024ac65900783c","signature":"AbstractFile/AbstractFile"},
	{"flags":0,"id":"03094fad2bd44b50a5e20268511bbd12","signature":"AbstractFile/AbstractFile/_Ui"},
	{"flags":0,"id":"e33dcba818114eb7829add41528ba409","signature":"AbstractFile/Folder"},
	{"flags":0,"id":"508c331b738141a8a16cf87fa2476950","signature":"AbstractFile/Folder/_Ui"},
	{"flags":0,"id":"f2293de35d4c45e0900ffe1e9cd76ba0","signature":"AbstractFile/_Ui"},
	{"flags":0,"id":"368ded31c1fd4bf3971495bb0dba2058","signature":"AbstractMinifiedFile"},
	{"flags":0,"id":"c39b3b0b010949cdb53516440542da39","signature":"AbstractMinifiedFile/File"},
	{"flags":0,"id":"cefc96c6271e48809a0af5d1a93f0204","signature":"AbstractMinifiedFile/File/_Ui"},
	{"flags":0,"id":"eb4218d6d0f44eeb94714753aae95397","signature":"AbstractMinifiedFile/_Ui"},
	{"flags":0,"id":"a0324a7391ac4b7084e0540cb06e5041","signature":"Address"},
	{"flags":0,"id":"aa506a7fc18942cf8a3a1d66583f0367","signature":"Address/_Ui"},
	{"flags":0,"id":"ebc45691bdc144ce8ace85899032bb71","signature":"ApplicationConfigurationDataNode"},
	{"flags":0,"id":"5198451870894c4faf27839b2f86bf5a","signature":"ApplicationConfigurationDataNode/_Ui"},
	{"flags":0,"id":"d87fbead6b034ef0828b150b2ae8396c","signature":"Area"},
	{"flags":0,"id":"f27b5802cc8b415d8043a3109a9f0499","signature":"Area/_Ui"},
	{"flags":0,"id":"ac372c4be98f414b9397e1d950e847e6","signature":"Article"},
	{"flags":0,"id":"2c03f7463f5e4b01a4cfa829abf29f6f","signature":"Article/_Ui"},
	{"flags":0,"id":"b0fe5bc3962e46269ce6c1ce73315010","signature":"Aside"},
	{"flags":0,"id":"76b24c193a594cdfb4768ae17d09a068","signature":"Aside/_Ui"},
	{"flags":0,"id":"722465b471424c1397f6c5fa85e3031e","signature":"Audio"},
	{"flags":0,"id":"504de5930beb49c98fab709293465225","signature":"Audio/_Ui"},
	{"flags":0,"id":"af72a18d400545a8ad2140dcf4ec6dbf","signature":"B"},
	{"flags":0,"id":"045c8f75c1364467b06bdafef4629497","signature":"B/_Ui"},
	{"flags":0,"id":"5cea770bd77948d6ae75781a7df392bb","signature":"Base"},
	{"flags":0,"id":"ff3ca0b66a8441cfab3fb5ce4fc0b578","signature":"Base/_Ui"},
	{"flags":0,"id":"1bba8843c37640c198464ada4f3d9e8e","signature":"Bdi"},
	{"flags":0,"id":"588660e1652e450c9860d25a043273b2","signature":"Bdi/_Ui"},
	{"flags":0,"id":"90f2a9e9c2e14ce8b7be41ec5ee694b8","signature":"Bdo"},
	{"flags":0,"id":"fe68b6854f7540caa15e4abae8a4bcb1","signature":"Bdo/_Ui"},
	{"flags":0,"id":"f7ef91f051394569b3674c777a216e11","signature":"Blockquote"},
	{"flags":0,"id":"dcfbbf8fa98c4d4f95029a7fa2dbac5e","signature":"Blockquote/_Ui"},
	{"flags":0,"id":"99976359d85941a1883323827c8efbbd","signature":"BlogCategory"},
	{"flags":0,"id":"afa6ab60ab89409a8e0528e34969eaaa","signature":"BlogCategory/BlogPost"},
	{"flags":0,"id":"2c4446599cb24af8ba323a8f5ec67ec1","signature":"BlogCategory/BlogPost/_Ui"},
	{"flags":0,"id":"3da9eaac71ba4a0cb37de151cebf62e2","signature":"BlogCategory/_Ui"},
	{"flags":0,"id":"ec181a45b7184b04825de8fa0e142174","signature":"BlogPost"},
	{"flags":0,"id":"21a96390301149aa94ded893a51403aa","signature":"BlogPost/BlogCategory"},
	{"flags":0,"id":"e6ff654211234a5fa99a72cebff20f0b","signature":"BlogPost/BlogCategory/_Ui"},
	{"flags":0,"id":"d3e745fec8a5484f8fd36afff165f732","signature":"BlogPost/Img"},
	{"flags":0,"id":"ebe6915809694d43ba56aa048e5a7e29","signature":"BlogPost/Img/_Ui"},
	{"flags":0,"id":"12e53f3c14c446929654957b336dffae","signature":"BlogPost/Person"},
	{"flags":0,"id":"0e401ed3c3394b6ebe0737f8386d5283","signature":"BlogPost/Person/_Ui"},
	{"flags":0,"id":"b9edc5701af14426bf5ec0ae9f92668d","signature":"BlogPost/_Ui"},
	{"flags":0,"id":"1e562b482b3e43fbbc9a5dec1feb0702","signature":"Body"},
	{"flags":0,"id":"3b61dee309244194937de3ba858a1921","signature":"Body/_Ui"},
	{"flags":0,"id":"41ea8eec9d8245e58e6de1ea3c0668de","signature":"Br"},
	{"flags":0,"id":"7ef1e97471d24b438aaa5502ea3bef90","signature":"Br/_Ui"},
	{"flags":0,"id":"92f4abbb97034402a4696132f63344f1","signature":"BroadcastService"},
	{"flags":0,"id":"1b1aad0af94e40e0993f5e2ed359c568","signature":"BroadcastService/Quotation"},
	{"flags":0,"id":"54e5a67438d7425cba3b5c203aff298f","signature":"BroadcastService/Quotation/_Ui"},
	{"flags":0,"id":"36fd065c17bf417c9bb70c541e5e315b","signature":"BroadcastService/_Ui"},
	{"flags":0,"id":"7f7509da1c034a9f92a75fa33ea72d0d","signature":"Button"},
	{"flags":0,"id":"eb0c66e4f68141eea2ec88f2317ac35e","signature":"Button/_Ui"},
	{"flags":0,"id":"661f9f5f59b444daac91815b61b903d2","signature":"Canvas"},
	{"flags":0,"id":"829b9c6ef5e74f7a8040554f1c95ac8a","signature":"Canvas/_Ui"},
	{"flags":0,"id":"2e850f9a678b459aa3e18eacb3d14b40","signature":"Caption"},
	{"flags":0,"id":"12a4b6c33d3848d384cfd5e3f1a65d8c","signature":"Caption/_Ui"},
	{"flags":0,"id":"c431de2b94d64ddc8b0792f86cee88b9","signature":"Cdata"},
	{"flags":0,"id":"510c40e76ab946079d62fb71e5c62daa","signature":"Cdata/_Ui"},
	{"flags":0,"id":"636e9ed1e37b4eea84ec4268d3c23373","signature":"Cite"},
	{"flags":0,"id":"fb7bc2a58d094018b96d8bf2b791dd48","signature":"Cite/_Ui"},
	{"flags":0,"id":"0f50d84191434789bb006e40d0cf2c90","signature":"Code"},
	{"flags":0,"id":"e348988ee96d423b95a677fa5214b36e","signature":"Code/_Ui"},
	{"flags":0,"id":"d53fe6268c154d4d8a2fce4eb0e2e120","signature":"Col"},
	{"flags":0,"id":"25eb19205c7b46578b83592961bccb1e","signature":"Col/_Ui"},
	{"flags":0,"id":"4326288883164afd8e1a348b7f00674a","signature":"Colgroup"},
	{"flags":0,"id":"d9f62cbb9b40400fb3cd9faead3bbe48","signature":"Colgroup/_Ui"},
	{"flags":0,"id":"ed4e6f4c8b454137b17d63c37a3dbbbd","signature":"Command"},
	{"flags":0,"id":"cf04cb4864e44be1b371e05ef3b51c89","signature":"Command/_Ui"},
	{"flags":0,"id":"6f54e49c10ab4de79e24374eff290c0d","signature":"Comment"},
	{"flags":0,"id":"ae55fcbee26a46158d0f0ef03aa74a39","signature":"Comment/_Ui"},
	{"flags":0,"id":"7bf8fb6fede2412293e2f4febf49af07","signature":"Component"},
	{"flags":0,"id":"deebec40073043f4bfebf0b0b709d70c","signature":"Component/_Ui"},
	{"flags":0,"id":"d67ef52b60dd4724b3be109da89685e3","signature":"ConceptGroup"},
	{"flags":0,"id":"502eb32ff12846e78a89c11026bfcb41","signature":"ConceptGroup/ConceptGroup"},
	{"flags":0,"id":"398a438ea7f8402a8abebd3ac7d95175","signature":"ConceptGroup/ConceptGroup/_Ui"},
	{"flags":0,"id":"14387a2020a34e74ba2787bb158a8711","signature":"ConceptGroup/ConceptGroupLabel"},
	{"flags":0,"id":"8f93ce9d640a42c0b41c1583b58025cd","signature":"ConceptGroup/ConceptGroupLabel/_Ui"},
	{"flags":0,"id":"f6ad5e8dbf0f4319a192459c9d461049","signature":"ConceptGroup/Thesaurus"},
	{"flags":0,"id":"1951cc7b4030408ca89757a3016a0483","signature":"ConceptGroup/Thesaurus/_Ui"},
	{"flags":0,"id":"f308a67e1f3d4c16a10705786fb39120","signature":"ConceptGroup/ThesaurusConcept"},
	{"flags":0,"id":"a8fb8cd1244849f799807399bee51f7f","signature":"ConceptGroup/ThesaurusConcept/_Ui"},
	{"flags":0,"id":"57f5f1dc1af249b1b0ad18492b66726e","signature":"ConceptGroup/_Ui"},
	{"flags":0,"id":"f5cc5f3c69734e4f9a25e0c4aeec63b3","signature":"ConceptGroupLabel"},
	{"flags":0,"id":"58ee88a77d1b4fe68764130c15d18b20","signature":"ConceptGroupLabel/ConceptGroup"},
	{"flags":0,"id":"9d16a98a7a034a18aaa3f62d8c399964","signature":"ConceptGroupLabel/ConceptGroup/_Ui"},
	{"flags":0,"id":"9d7c2c0c7368468294c9922652da5820","signature":"ConceptGroupLabel/_Ui"},
	{"flags":0,"id":"c709a1efcb74478ba029fe998a3212e1","signature":"Content"},
	{"flags":0,"id":"c1b452d32cf04a468e47c3ef3b68e2b9","signature":"Content/_Ui"},
	{"flags":0,"id":"307773ffc5714d75ab9b8a7982d75fbf","signature":"ContentContainer"},
	{"flags":0,"id":"ccb2cf2227414f44ba85e33a7660fa21","signature":"ContentContainer/ContentContainer"},
	{"flags":0,"id":"8c9a7ffbb01a48bfa19b9eaa41e3ab37","signature":"ContentContainer/ContentContainer/_Ui"},
	{"flags":0,"id":"56e4dd3045954f59bdb41c3fb177ee0d","signature":"ContentContainer/ContentItem"},
	{"flags":0,"id":"67722a59e02c4defa1bd797b570593d8","signature":"ContentContainer/ContentItem/_Ui"},
	{"flags":0,"id":"54262872319e4d9bb16da296fc6e2d52","signature":"ContentContainer/_Ui"},
	{"flags":0,"id":"fc2c51a4c531451fa7b966eb0f29a96e","signature":"ContentItem"},
	{"flags":0,"id":"caf91c4b739b41308689dafa57e2b472","signature":"ContentItem/ContentContainer"},
	{"flags":0,"id":"3c86d62931e34ed0a9ef658eb00c461c","signature":"ContentItem/ContentContainer/_Ui"},
	{"flags":0,"id":"64c93548670842718761c84243eeed17","signature":"ContentItem/_Ui"},
	{"flags":0,"id":"8f904b28e43e4bdf8974e8ee491004d0","signature":"CreativeWork"},
	{"flags":0,"id":"e2c93192c9c6437aba66bb98fe389a19","signature":"CreativeWork/CreativeWork"},
	{"flags":0,"id":"73fcbd4bef164c12a56bff595680cc6d","signature":"CreativeWork/CreativeWork/_Ui"},
	{"flags":0,"id":"ee46cfc8e00a4537b51b6cef8925ae0c","signature":"CreativeWork/DefinedTerm"},
	{"flags":0,"id":"9f90baa84cf044e79f46c295fe284f14","signature":"CreativeWork/DefinedTerm/_Ui"},
	{"flags":0,"id":"14cab902384642bfb4e0a96a7e1b9e33","signature":"CreativeWork/Organisation"},
	{"flags":0,"id":"2f7b8d29f76e45f28da924cdb99754e4","signature":"CreativeWork/Organisation/_Ui"},
	{"flags":0,"id":"656faf8055194076a5486f917a52243d","signature":"CreativeWork/Person"},
	{"flags":0,"id":"024a36bc78c249538bc90b4d7b121201","signature":"CreativeWork/Person/_Ui"},
	{"flags":0,"id":"13a44bb6d0104bccae3be7043e544fe0","signature":"CreativeWork/Quotation"},
	{"flags":0,"id":"bea5ae10424840b1ae8ba39ffe923be9","signature":"CreativeWork/Quotation/_Ui"},
	{"flags":0,"id":"859f8f544c744313aec07926e73d3ccf","signature":"CreativeWork/TypeLabel"},
	{"flags":0,"id":"dd2c40689a4542ba88a6ddd914cf5ef1","signature":"CreativeWork/TypeLabel/_Ui"},
	{"flags":0,"id":"d922774853ea4b2db6a4738044c2bd7c","signature":"CreativeWork/_Ui"},
	{"flags":0,"id":"21b482b1e717442f9207be39244f3548","signature":"CssDeclaration"},
	{"flags":0,"id":"2a3e793e13914c638b7e83b47e54127c","signature":"CssDeclaration/CssRule"},
	{"flags":0,"id":"7d18b7034e5f452ca85d36ab690a8908","signature":"CssDeclaration/CssRule/_Ui"},
	{"flags":0,"id":"9c79808c76c24aeebde8777281c7cca8","signature":"CssDeclaration/_Ui"},
	{"flags":0,"id":"f73a0fe484b249baa957d9eb81aaee9a","signature":"CssRule"},
	{"flags":0,"id":"0ff01359123a4b28ba875063d9422993","signature":"CssRule/CssDeclaration"},
	{"flags":0,"id":"b04d37e603f1431086c0fd699a13f47d","signature":"CssRule/CssDeclaration/_Ui"},
	{"flags":0,"id":"e2e5ed3aaf8e4693bd9f85bf38d719d2","signature":"CssRule/CssRule"},
	{"flags":0,"id":"5cd6cbf05c954976ad87530192169dac","signature":"CssRule/CssRule/_Ui"},
	{"flags":0,"id":"79112c3072bc48a39382c4d5f95f6ee3","signature":"CssRule/CssSelector"},
	{"flags":0,"id":"a0281bb6be004aebac79f890f87098b9","signature":"CssRule/CssSelector/_Ui"},
	{"flags":0,"id":"b0aa269c76ca4c068b0f2fc93157853b","signature":"CssRule/_Ui"},
	{"flags":0,"id":"562b8dbefcc34667a86816c331ee97b4","signature":"CssSelector"},
	{"flags":0,"id":"f899175b63564e408d2d18ffa3af303b","signature":"CssSelector/CssRule"},
	{"flags":0,"id":"aa82c82940584be88547f7c24f3a14da","signature":"CssSelector/CssRule/_Ui"},
	{"flags":0,"id":"2c8048e80e114267a5f97e234104d17f","signature":"CssSelector/CssSemanticClass"},
	{"flags":0,"id":"e7ee301443cb4275b42a253e2f2e7cd2","signature":"CssSelector/CssSemanticClass/_Ui"},
	{"flags":0,"id":"ee2d7c4aa0bb4a14ae47927c759b2d4e","signature":"CssSelector/_Ui"},
	{"flags":0,"id":"c7ac16e77b464deb90b0abf3e5a32ad5","signature":"CssSemanticClass"},
	{"flags":0,"id":"2b67cc5525474525842845684d70c59a","signature":"CssSemanticClass/CssSelector"},
	{"flags":0,"id":"17afec8e51c3460fb149fe2df8917285","signature":"CssSemanticClass/CssSelector/_Ui"},
	{"flags":0,"id":"2a4c2b56f91f4d31aa034a1fe0ba266f","signature":"CssSemanticClass/_Ui"},
	{"flags":0,"id":"fa9f00d91485473a88c1ebfc89646ce0","signature":"CustomConceptAttribute"},
	{"flags":0,"id":"0a98553a806b42e6a42cd51266282f76","signature":"CustomConceptAttribute/ThesaurusConcept"},
	{"flags":0,"id":"869e5df52a6a4615b5943dde6352d6e6","signature":"CustomConceptAttribute/ThesaurusConcept/_Ui"},
	{"flags":0,"id":"a2818135e4d34f05af171ff07082f55c","signature":"CustomConceptAttribute/_Ui"},
	{"flags":0,"id":"94ed0dc5e8054a30bc611653a6f1b407","signature":"CustomNote"},
	{"flags":0,"id":"7e4410564cdf4ecba107efff45b6dc96","signature":"CustomNote/ThesaurusConcept"},
	{"flags":0,"id":"cb6ae7a5dc26432a8e0c8c5a8cb898fb","signature":"CustomNote/ThesaurusConcept/_Ui"},
	{"flags":0,"id":"6787f877e6314bedb6bcaaffdc6afde4","signature":"CustomNote/_Ui"},
	{"flags":0,"id":"7dc34d3340884885b758b4aee5223210","signature":"CustomTermAttribute"},
	{"flags":0,"id":"cb87f27f23be4266a9ff545f2e561cc6","signature":"CustomTermAttribute/ThesaurusTerm"},
	{"flags":0,"id":"c9bdd423d137454185b0525207070d7e","signature":"CustomTermAttribute/ThesaurusTerm/_Ui"},
	{"flags":0,"id":"bc70a6d0ea8746e1888ced85a8685c31","signature":"CustomTermAttribute/_Ui"},
	{"flags":0,"id":"11a3d92d5bf3465bb813104fcfb9c843","signature":"DOMElement"},
	{"flags":0,"id":"7a6110fc91d244dea044c3736b6ab3af","signature":"DOMElement/DOMElement"},
	{"flags":0,"id":"402fe360a56147eeb4c68ada1ee0bc0d","signature":"DOMElement/DOMElement/_Ui"},
	{"flags":0,"id":"3d146d1ff22949d0a3e0dcc021f790c1","signature":"DOMElement/_Ui"},
	{"flags":0,"id":"f8f49baff6174a43b18a031d25cad6f3","signature":"DOMNode"},
	{"flags":0,"id":"91c5927ee63f463885e5ffbb9299c8d7","signature":"DOMNode/DOMNode"},
	{"flags":0,"id":"b4f9662ff88d46f8afeb9848d2630553","signature":"DOMNode/DOMNode/_Ui"},
	{"flags":0,"id":"dc7aed93069743ecacc2d3d8f4724eb3","signature":"DOMNode/Page"},
	{"flags":0,"id":"a4e14153c37445768bec1270d589a3bd","signature":"DOMNode/Page/_Ui"},
	{"flags":0,"id":"bf82d77d15fb480593cd2a6f2b958338","signature":"DOMNode/_Ui"},
	{"flags":0,"id":"1a47191750624475ba273bbe478b46ae","signature":"DataFeed"},
	{"flags":0,"id":"7b4fcd7b7c824fd7bf5a2f14fe487bdf","signature":"DataFeed/FeedItem"},
	{"flags":0,"id":"c32d7d98a74e4765b4cd383eeb5be29d","signature":"DataFeed/FeedItem/_Ui"},
	{"flags":0,"id":"201df61b3ed041468c529e4923eb35f6","signature":"DataFeed/_Ui"},
	{"flags":0,"id":"88d7ddd780474576a3c6652526c5c052","signature":"Datalist"},
	{"flags":0,"id":"2481606a30864fa682d61005746c4ff6","signature":"Datalist/_Ui"},
	{"flags":0,"id":"a0ea21de7d694cfeba14c4679cf0342a","signature":"Dd"},
	{"flags":0,"id":"01eb3e2abc6d4e319f6d2c379d650bf1","signature":"Dd/_Ui"},
	{"flags":0,"id":"b0ce3ae8a86543688de5ed1e65bb3ab4","signature":"DefinedTerm"},
	{"flags":0,"id":"8f306b413ba642a79ec1517f76889c5d","signature":"DefinedTerm/CreativeWork"},
	{"flags":0,"id":"b5bdf4a297604d3095c61d1f45d88103","signature":"DefinedTerm/CreativeWork/_Ui"},
	{"flags":0,"id":"217e6e5edafa40918aba27d4a5c38a4e","signature":"DefinedTerm/Quotation"},
	{"flags":0,"id":"2c57a720521946779c4ee4de6394e12c","signature":"DefinedTerm/Quotation/_Ui"},
	{"flags":0,"id":"d3e8cb769e5942ab90b6c9d4ce85e5d4","signature":"DefinedTerm/_Ui"},
	{"flags":0,"id":"00304adfba9349eeb3e1cb72c95904c3","signature":"Definition"},
	{"flags":0,"id":"b6a68dad5d1d4b8c9a68b6c9ccec2019","signature":"Definition/ThesaurusTerm"},
	{"flags":0,"id":"5b6f517d8eca490293f943ebb43ef372","signature":"Definition/ThesaurusTerm/_Ui"},
	{"flags":0,"id":"bc760c35b7ab40909ab191ca676e6f02","signature":"Definition/_Ui"},
	{"flags":0,"id":"24dd0b3438ba4b72af798c26f1a393b1","signature":"Del"},
	{"flags":0,"id":"57bb7386e73a4b5b9fd6d6e8db8d4aa6","signature":"Del/_Ui"},
	{"flags":0,"id":"11a719e51d4149a082846732d01a5958","signature":"Details"},
	{"flags":0,"id":"6b84ca38a5cc45ee80d1599279b565f8","signature":"Details/_Ui"},
	{"flags":0,"id":"fb488960a4d5441e83665139bfe851c0","signature":"Dfn"},
	{"flags":0,"id":"21d46bf0af904e79b315bdfcdaf1b0de","signature":"Dfn/_Ui"},
	{"flags":0,"id":"2901d116c9e14202ae9ccdd5267d7c49","signature":"Div"},
	{"flags":0,"id":"d1cf55265f044dd0bb508cd90502059e","signature":"Div/_Ui"},
	{"flags":0,"id":"5a65975d833b4fddb3623acbbe3c0d6d","signature":"Dl"},
	{"flags":0,"id":"3df1792dbe8a41108792f8034d5ee04f","signature":"Dl/_Ui"},
	{"flags":0,"id":"4aa4cdbc2ad54f9bbbcb142ff0ec7bc6","signature":"DocumentFragment"},
	{"flags":0,"id":"78c4f4f05dc448f0919a3674632e1497","signature":"DocumentFragment/_Ui"},
	{"flags":0,"id":"4f527cc2d71f4b8095215b149e20550f","signature":"Dt"},
	{"flags":0,"id":"631d199ee1c843469034e144de1a64cc","signature":"Dt/_Ui"},
	{"flags":0,"id":"0e1f25420f3d4e9f97228f91c39f0463","signature":"EMailMessage"},
	{"flags":0,"id":"a59233b4211a4ad9bb28e4dd5db2d8d6","signature":"EMailMessage/File"},
	{"flags":0,"id":"45e324f200954381a72761003c0da937","signature":"EMailMessage/File/_Ui"},
	{"flags":0,"id":"e1d4e74be7a34ceea8c831557197c818","signature":"EMailMessage/Mailbox"},
	{"flags":0,"id":"6dbd98f0e3434310a2b57306e4872b8c","signature":"EMailMessage/Mailbox/_Ui"},
	{"flags":0,"id":"0e3d2ab0668d4768afb1385295d1c92f","signature":"EMailMessage/_Ui"},
	{"flags":0,"id":"46d14d293dd248508de38d3bf651e204","signature":"EditorialNote"},
	{"flags":0,"id":"71b78adfc07847afacc0c0e5e54ab55a","signature":"EditorialNote/ThesaurusTerm"},
	{"flags":0,"id":"4d207a36deb244eaa5222cbc5004e334","signature":"EditorialNote/ThesaurusTerm/_Ui"},
	{"flags":0,"id":"45cb525d74e942ceaeed1a767124bfb6","signature":"EditorialNote/_Ui"},
	{"flags":0,"id":"35dea7dc7ad349c39c23e798669c3501","signature":"Em"},
	{"flags":0,"id":"ad105e7b92b44656948a43563cde3696","signature":"Em/_Ui"},
	{"flags":0,"id":"a12cef05bc0a4141935afb5f60d33c41","signature":"Embed"},
	{"flags":0,"id":"ca2959a785924214ae9187c214050a67","signature":"Embed/_Ui"},
	{"flags":0,"id":"d48d1e124da74642a90af9437d754a9e","signature":"Favoritable"},
	{"flags":0,"id":"69121af4b2414aa6aa3eb7b18c8a237b","signature":"Favoritable/Principal"},
	{"flags":0,"id":"604f121dadad444a93b699d9249aa905","signature":"Favoritable/Principal/_Ui"},
	{"flags":0,"id":"1ab73536366d4a27b7936b4cf67a75e1","signature":"Favoritable/_Ui"},
	{"flags":0,"id":"9d92c97ea55947f795a430e9c2381f5b","signature":"FeedItem"},
	{"flags":0,"id":"c4f21b8e3fe047a49c79c6faaffe4455","signature":"FeedItem/DataFeed"},
	{"flags":0,"id":"9d5ea582710e4910a24618f97dcaf701","signature":"FeedItem/DataFeed/_Ui"},
	{"flags":0,"id":"4bbc8ce4cfc2453b98638298dd5e0381","signature":"FeedItem/FeedItemContent"},
	{"flags":0,"id":"60f6479e140f4d49a6960656a932cfec","signature":"FeedItem/FeedItemContent/_Ui"},
	{"flags":0,"id":"16c60c00e50a4010a590a18697a7e08c","signature":"FeedItem/FeedItemEnclosure"},
	{"flags":0,"id":"3b8683a6fce14dc79ead9262a1789942","signature":"FeedItem/FeedItemEnclosure/_Ui"},
	{"flags":0,"id":"e52bf224131e40c79c268a49a6b9c8ba","signature":"FeedItem/_Ui"},
	{"flags":0,"id":"07380e9ed8654b2da14fd3fba2a35012","signature":"FeedItemContent"},
	{"flags":0,"id":"21404f4a8a654892b8c0a92a27f89cce","signature":"FeedItemContent/FeedItem"},
	{"flags":0,"id":"3f06ecc3efa64e29a792c5298c2b99b7","signature":"FeedItemContent/FeedItem/_Ui"},
	{"flags":0,"id":"f9698c23981545179c1f18f9f3780696","signature":"FeedItemContent/_Ui"},
	{"flags":0,"id":"f5d5e760fa944555a3812d797832b2b7","signature":"FeedItemEnclosure"},
	{"flags":0,"id":"ca7f33a9ef204e8fbc55b72f343452dc","signature":"FeedItemEnclosure/FeedItem"},
	{"flags":0,"id":"d390ae58b84a46afb2b572ae4af44832","signature":"FeedItemEnclosure/FeedItem/_Ui"},
	{"flags":0,"id":"ad769a5c3dff4b0b92409a34fad888da","signature":"FeedItemEnclosure/_Ui"},
	{"flags":0,"id":"09871732d4514919a98785f4ec93f103","signature":"Fieldset"},
	{"flags":0,"id":"c02251cd19404b89b12bf3fcc26a35c2","signature":"Fieldset/_Ui"},
	{"flags":0,"id":"099a45e8f37b40acbbad0d94acaea424","signature":"Figcaption"},
	{"flags":0,"id":"245ce75a5ae0469aa8aa5731c80a2172","signature":"Figcaption/_Ui"},
	{"flags":0,"id":"e7ed44f4dd2244d68f5a1b7eb018e811","signature":"Figure"},
	{"flags":0,"id":"ab33327a2a284f40b520d1b01c19268e","signature":"Figure/_Ui"},
	{"flags":0,"id":"38c85a148bb64392972772f503c72cf7","signature":"File"},
	{"flags":0,"id":"d1f2f74125e7494989f49c75184910ad","signature":"File/AbstractMinifiedFile"},
	{"flags":0,"id":"c723c2009d1c4fdaafa100601b0cea3c","signature":"File/AbstractMinifiedFile/_Ui"},
	{"flags":0,"id":"58b6b69cd2fe4e2185e4b325aa6dcdac","signature":"File/EMailMessage"},
	{"flags":0,"id":"61f85df95ea54e54b68ed01fe3a9922c","signature":"File/EMailMessage/_Ui"},
	{"flags":0,"id":"bfad60c1149a4fcc9842e023896dbf47","signature":"File/Folder"},
	{"flags":0,"id":"4b1acec7149c4768870d52786e78dddb","signature":"File/Folder/_Ui"},
	{"flags":0,"id":"fb2dba28114141a9afc3822d0aec84d6","signature":"File/ODFExporter"},
	{"flags":0,"id":"ff24846556194ca1ae81213a77af3c2c","signature":"File/ODFExporter/_Ui"},
	{"flags":0,"id":"9cd77ad557b742a2a328db40a8cf5d44","signature":"File/_Ui"},
	{"flags":0,"id":"69a13752afeb4980a4db45c06b394f38","signature":"Folder"},
	{"flags":0,"id":"677aa9f9663646bebc5a21b8986c5856","signature":"Folder/AbstractFile"},
	{"flags":0,"id":"865d2f1c31b346f5bc6f5762e3dc96e8","signature":"Folder/AbstractFile/_Ui"},
	{"flags":0,"id":"9700aae342c54f20bbec4da2e3527f03","signature":"Folder/File"},
	{"flags":0,"id":"9274b8dca9bb4527936944c85ee7e548","signature":"Folder/File/_Ui"},
	{"flags":0,"id":"333b4ae0a49a4b6785908109e2bcaee4","signature":"Folder/Folder"},
	{"flags":0,"id":"3f96b9a43c714b808cd3e1d653068965","signature":"Folder/Folder/_Ui"},
	{"flags":0,"id":"84c08c44ed5a4942b57bf0b972db0d4a","signature":"Folder/Image"},
	{"flags":0,"id":"f6aae3cb0f1d49339b8efc6e0dea035b","signature":"Folder/Image/_Ui"},
	{"flags":0,"id":"1a54b662aa7741c3abc0f84f4206d30a","signature":"Folder/User"},
	{"flags":0,"id":"9b47481ceaf341b19847d362951e788a","signature":"Folder/User/_Ui"},
	{"flags":0,"id":"91d60f1c23cd4f14b1fdc3c088bf2d1b","signature":"Folder/_Ui"},
	{"flags":0,"id":"e84853f5b3134f11af2d337ae790a2cb","signature":"Footer"},
	{"flags":0,"id":"91515602f8db4685aec11a5733e17b83","signature":"Footer/_Ui"},
	{"flags":0,"id":"47267e60230e4be1995672aeb53cd4b6","signature":"Form"},
	{"flags":0,"id":"78f3d022717b454aab1fbdd77103ea2d","signature":"Form/_Ui"},
	{"flags":0,"id":"97b1ab8c412e4561a88dfee4e74a18b4","signature":"G"},
	{"flags":0,"id":"54c0dc36b40140da8d2f0392eaf17afa","signature":"G/_Ui"},
	{"flags":0,"id":"351e993663c0469fb4c901b8ad21c1cb","signature":"Group"},
	{"flags":0,"id":"c9cbdb0df8a347f5b7eb7aec188e06b6","signature":"Group/Principal"},
	{"flags":0,"id":"e646c932145742b9bb5d054cf0305fe4","signature":"Group/Principal/_Ui"},
	{"flags":0,"id":"88585db8e51840168854f26eee1c2ff1","signature":"Group/_Ui"},
	{"flags":0,"id":"1c9bb763579d48c3874399444afc84a5","signature":"H1"},
	{"flags":0,"id":"9c0795f438b442fdbc10ecad7763e373","signature":"H1/_Ui"},
	{"flags":0,"id":"696a93720fe1426bb3a5f35da99c5ad8","signature":"H2"},
	{"flags":0,"id":"189a74e7cda64039988c9f3f36e994fc","signature":"H2/_Ui"},
	{"flags":0,"id":"72ecdec2d7ab44319c32fd075ea4934b","signature":"H3"},
	{"flags":0,"id":"e2bf214ad3d241b696f105adb0dc3092","signature":"H3/_Ui"},
	{"flags":0,"id":"b174584f0bfe46b08a6924c2cb48c7eb","signature":"H4"},
	{"flags":0,"id":"d9935bc1339948c09c72bd737d21a3ce","signature":"H4/_Ui"},
	{"flags":0,"id":"b4395e2e8ca34fcebe1507515cd6bb3b","signature":"H5"},
	{"flags":0,"id":"5f8649475f8b468594565239264d4e57","signature":"H5/_Ui"},
	{"flags":0,"id":"f708f6722d7a4bd9ae2fd047e67fceda","signature":"H6"},
	{"flags":0,"id":"b0777ecddb624567acd8643a05bd1f36","signature":"H6/_Ui"},
	{"flags":0,"id":"42c4de0562074487a37481ad2ccceb64","signature":"Head"},
	{"flags":0,"id":"cb7f2931c0104e3fb7d57909b26c5c8e","signature":"Head/_Ui"},
	{"flags":0,"id":"9b2844a34ef444958f5004b06b3d6314","signature":"Header"},
	{"flags":0,"id":"18923c872c994d55a42016970447290e","signature":"Header/_Ui"},
	{"flags":0,"id":"0f7b75fe87e7493cb189ecd9d12b749c","signature":"Hgroup"},
	{"flags":0,"id":"f4aa056591e34b618cb06e78587ec1a9","signature":"Hgroup/_Ui"},
	{"flags":0,"id":"3fcf05b3c45c4ae58a5bb27e51cde513","signature":"HistoryNote"},
	{"flags":0,"id":"741548fad13e4852910c04ff0d4b121f","signature":"HistoryNote/ThesaurusConcept"},
	{"flags":0,"id":"be32e3d69deb40198cc3fbfd2fd4a1d0","signature":"HistoryNote/ThesaurusConcept/_Ui"},
	{"flags":0,"id":"6ac3dd8fc3b445ffadf126f0240d0aa7","signature":"HistoryNote/ThesaurusTerm"},
	{"flags":0,"id":"c8db22ab77b94e6ea8ba3cf9e6b343ef","signature":"HistoryNote/ThesaurusTerm/_Ui"},
	{"flags":0,"id":"3155457a7fb942d5ac46255b014935a3","signature":"HistoryNote/_Ui"},
	{"flags":0,"id":"d69841044e1c4882b97c1bda2674762a","signature":"Hr"},
	{"flags":0,"id":"27a8a9f5138e4f5f86e5279bb2a1bb2e","signature":"Hr/_Ui"},
	{"flags":0,"id":"72fe5f2448a04f9cbc3e9d512ffc3903","signature":"Html"},
	{"flags":0,"id":"0be4e8fe80cc49c49f1bf7f48139ce9b","signature":"Html/_Ui"},
	{"flags":0,"id":"080f4a18d1ce4e50aeec987939dd56e7","signature":"I"},
	{"flags":0,"id":"f586f5d4a43941d2bfe5442e801ef227","signature":"I/_Ui"},
	{"flags":0,"id":"cd2dfa2099ae4b658fa6ba114a390a16","signature":"Iframe"},
	{"flags":0,"id":"0a046c590c6c4269b3fbbea71beecbd4","signature":"Iframe/_Ui"},
	{"flags":0,"id":"5d2f4f464b5342669c6f51bf23bc1eaa","signature":"Image"},
	{"flags":0,"id":"625e8efc48084dc1ad9d58a07a86a2cd","signature":"Image/Folder"},
	{"flags":0,"id":"82ea157785104f678e6b8104376aada8","signature":"Image/Folder/_Ui"},
	{"flags":0,"id":"c2ebac2ed6c64aa5a259ca75d564e9f4","signature":"Image/Image"},
	{"flags":0,"id":"d82a1ad314f44e6b8c8fc2760cb5e554","signature":"Image/Image/_Ui"},
	{"flags":0,"id":"96e60dcb175a4fa6b258e744d4fb1265","signature":"Image/User"},
	{"flags":0,"id":"458a8d9c9649477bb911582af14a4062","signature":"Image/User/_Ui"},
	{"flags":0,"id":"76d7133969934433be2e5cb1cb4feb8b","signature":"Image/VideoFile"},
	{"flags":0,"id":"54cd1f077e1f4295b34ecc450418052d","signature":"Image/VideoFile/_Ui"},
	{"flags":0,"id":"f8000bb58b9747a7a475e54bd3110b63","signature":"Image/_Ui"},
	{"flags":0,"id":"8dc70f8723f74c3eb4bc00cda273c5dd","signature":"Img"},
	{"flags":0,"id":"414995e6f12a488bb88aa0f78c6bdc1c","signature":"Img/BlogPost"},
	{"flags":0,"id":"1df9e19171f8464ab073c751734c8dc8","signature":"Img/BlogPost/_Ui"},
	{"flags":0,"id":"98cdcfecf17d41f0a9ec6e6fd975bd4a","signature":"Img/_Ui"},
	{"flags":0,"id":"ce9c46a9e2ee4023bc7bebe6019fc4d4","signature":"Indexable"},
	{"flags":0,"id":"db6149323d0a4cd69f7ba447fe7fbb87","signature":"Indexable/IndexedWord"},
	{"flags":0,"id":"2cd2edd2b4854fb4a3db6cd7f847e051","signature":"Indexable/IndexedWord/_Ui"},
	{"flags":0,"id":"d3beeeb7841045ad813f6497067e40df","signature":"Indexable/_Ui"},
	{"flags":0,"id":"55273a9e07744ef28a450e147da43938","signature":"IndexedWord"},
	{"flags":0,"id":"3e64098f895240579c1aa6702c71b943","signature":"IndexedWord/Indexable"},
	{"flags":0,"id":"67de16b795b446d69d2c29bbd5677dff","signature":"IndexedWord/Indexable/_Ui"},
	{"flags":0,"id":"33608340f8cb41409f65dd47877ce4be","signature":"IndexedWord/_Ui"},
	{"flags":0,"id":"e1ffff7090d54e1f8e7027df4d03b88e","signature":"Input"},
	{"flags":0,"id":"8d2614dfb53f4885a848456941f9c26b","signature":"Input/_Ui"},
	{"flags":0,"id":"160ba10c21c24f5da4fa10e4fe135e76","signature":"Ins"},
	{"flags":0,"id":"e2b087152a254aa6b4b47bc90f790747","signature":"Ins/_Ui"},
	{"flags":0,"id":"e83297f1e8ba411189dcb9ee69cb3581","signature":"JavaScriptSource"},
	{"flags":0,"id":"8598e258be70428fa7f8a2140f3a1413","signature":"JavaScriptSource/_Ui"},
	{"flags":0,"id":"59726dc66c9b4f9ca48448ab079dbdfb","signature":"KafkaClient"},
	{"flags":0,"id":"75d44aee9ce1499e8cc9a537f07cd267","signature":"KafkaClient/_Ui"},
	{"flags":0,"id":"ab7fca43f48649678c8e02df735f5ff0","signature":"Kbd"},
	{"flags":0,"id":"aa467b18d47b4216ab28f85083c53e4c","signature":"Kbd/_Ui"},
	{"flags":0,"id":"33b510cadfe245bfab5e57edb44765f8","signature":"Keygen"},
	{"flags":0,"id":"4f7714c0ea57420eb5adbd2153e1018c","signature":"Keygen/_Ui"},
	{"flags":0,"id":"addc5a52ef1d4ae7a8228848aa111ecb","signature":"LDAPGroup"},
	{"flags":0,"id":"af524acdc1d2465cb93c1a998d7d76da","signature":"LDAPGroup/_Ui"},
	{"flags":0,"id":"8a1603fe98a7489db50d558d0980b26f","signature":"LDAPUser"},
	{"flags":0,"id":"09f52633d4244890b0e26364621ba950","signature":"LDAPUser/_Ui"},
	{"flags":0,"id":"0a03a26bf0d140d9a5771814e2cd0ba4","signature":"Label"},
	{"flags":0,"id":"2cecdaccd8934b0e9df6ce44e6c3806a","signature":"Label/_Ui"},
	{"flags":0,"id":"276d4f8ca13142aca1f07fcbebbd35ee","signature":"Legend"},
	{"flags":0,"id":"b9483504bd21465a97cde252a58880aa","signature":"Legend/_Ui"},
	{"flags":0,"id":"33e7aa93e47a4d27941972a9e1caeada","signature":"Li"},
	{"flags":0,"id":"57dbdf0094fd44adb3dc890b1ee79a48","signature":"Li/_Ui"},
	{"flags":0,"id":"02153226b5e94dba9083696f718b7ca7","signature":"Link"},
	{"flags":0,"id":"cc1594ea4bb64eee98ef4020f6a445ba","signature":"Link/_Ui"},
	{"flags":0,"id":"4646995bae8342fc937a009dbb9f5f25","signature":"LinkSource"},
	{"flags":0,"id":"f5136fa91062444085a6d73f42c76f5d","signature":"LinkSource/Linkable"},
	{"flags":0,"id":"3e839c0d59e54847bc9ac256442220ac","signature":"LinkSource/Linkable/_Ui"},
	{"flags":0,"id":"598e3c40380b4fa58f48d5e4cb5d23c0","signature":"LinkSource/_Ui"},
	{"flags":0,"id":"18b5e0edbeab46218e70906f8878bb94","signature":"Linkable"},
	{"flags":0,"id":"350c8f4e2d8642c3be7f465bfb639fe5","signature":"Linkable/LinkSource"},
	{"flags":0,"id":"215a62a258e44e38abb7465a034d94a3","signature":"Linkable/LinkSource/_Ui"},
	{"flags":0,"id":"26eb387eda474d158c56bb58bf70a570","signature":"Linkable/_Ui"},
	{"flags":0,"id":"1b45791dcc9f45c2bff045d6774ff8a4","signature":"Localization"},
	{"flags":0,"id":"b37f7c6d0f5b499997df4a76148d0eaf","signature":"Localization/_Ui"},
	{"flags":0,"id":"598a42c284994b61a946415a8f5b75eb","signature":"Location"},
	{"flags":0,"id":"e789bdf41cf44357b83daf715a9e6266","signature":"Location/_Ui"},
	{"flags":0,"id":"37a490cd67dc4a5b8f58038669852208","signature":"MQTTClient"},
	{"flags":0,"id":"02a7808694454be7a180ad245b7d8b84","signature":"MQTTClient/_Ui"},
	{"flags":0,"id":"e48b001933d64ba598f50ee590c5acd1","signature":"MailTemplate"},
	{"flags":0,"id":"23aafd24107a46ad9be93805de2df118","signature":"MailTemplate/_Ui"},
	{"flags":0,"id":"dbf62084d53a42678562aa76d05f5554","signature":"Mailbox"},
	{"flags":0,"id":"e59aa2806c224f3c86757f9e87bb768a","signature":"Mailbox/EMailMessage"},
	{"flags":0,"id":"e456c76bb1e246e0a0e1a7ee7d552a6c","signature":"Mailbox/EMailMessage/_Ui"},
	{"flags":0,"id":"9d90cb1b295c4408a801108b8321841f","signature":"Mailbox/_Ui"},
	{"flags":0,"id":"021cb58cfd0b4eaf8f18ac3526f5abf8","signature":"Main"},
	{"flags":0,"id":"48374a4ac9a94c5ea07d4a0962ffdb97","signature":"Main/_Ui"},
	{"flags":0,"id":"6abe142ebf504410b5270cb37d1f35b7","signature":"Map"},
	{"flags":0,"id":"b4d04e1a28f6467f8c0dfe9a964fa004","signature":"Map/_Ui"},
	{"flags":0,"id":"ed8f131fb3cb4d2689a3d1703ca98b7c","signature":"Mark"},
	{"flags":0,"id":"1c329b892e9f4aba94d36435924717de","signature":"Mark/_Ui"},
	{"flags":0,"id":"aad193ca82a143bbb869728a6cb54db9","signature":"Menu"},
	{"flags":0,"id":"84e7ab59a24945fab17160e0900dfbb6","signature":"Menu/_Ui"},
	{"flags":0,"id":"cff1fbe98e1a4b30a195cc4b7e865f5a","signature":"MessageClient"},
	{"flags":0,"id":"40664d41c2c64687bc38021bdc63fd33","signature":"MessageClient/MessageSubscriber"},
	{"flags":0,"id":"5fc416d1a2d74de88598b10b4b67326f","signature":"MessageClient/MessageSubscriber/_Ui"},
	{"flags":0,"id":"7d66ad2e8dfb4df0872067013e4f34c2","signature":"MessageClient/_Ui"},
	{"flags":0,"id":"70e1b724f3d64ab89f561ce3ddcf2785","signature":"MessageSubscriber"},
	{"flags":0,"id":"5e18e58a3d8a4d648b4691e94a98455a","signature":"MessageSubscriber/MessageClient"},
	{"flags":0,"id":"565fe9b51f394b109d4ec18aa1d14570","signature":"MessageSubscriber/MessageClient/_Ui"},
	{"flags":0,"id":"3685136db1ee4591aa54c094ec06f2b5","signature":"MessageSubscriber/_Ui"},
	{"flags":0,"id":"8fe5522035fd4aa18164b09ce2758506","signature":"Meta"},
	{"flags":0,"id":"460a79be9a7e411abdb1e09e0498e894","signature":"Meta/_Ui"},
	{"flags":0,"id":"eec5c3c2a0fb4ca792df46d741bfee90","signature":"MetadataNode"},
	{"flags":0,"id":"effd1de611b44a19b464695303f27378","signature":"MetadataNode/StructuredDocument"},
	{"flags":0,"id":"7379dfda6cc14c96aa9f4fb2d3855bc3","signature":"MetadataNode/StructuredDocument/_Ui"},
	{"flags":0,"id":"763f2354c20d43c0b04f625ebf4faf76","signature":"MetadataNode/_Ui"},
	{"flags":0,"id":"f5ed836b5b944abdb9a4965e3f796808","signature":"Meter"},
	{"flags":0,"id":"ffcb8d20944642c9bfa4f59c65beed5f","signature":"Meter/_Ui"},
	{"flags":0,"id":"56bd3215a7b74e70a12aebb5e308bbaa","signature":"MinifiedCssFile"},
	{"flags":0,"id":"3bf50605a302495eb0f92530746e28a7","signature":"MinifiedCssFile/_Ui"},
	{"flags":0,"id":"a38421a36ab94072885369ec266587cd","signature":"MinifiedJavaScriptFile"},
	{"flags":0,"id":"4aba7252bcaa4b7c9ed2d629bfd59131","signature":"MinifiedJavaScriptFile/_Ui"},
	{"flags":0,"id":"63e209f6b1164f7180b43ac5009b2ac6","signature":"Nav"},
	{"flags":0,"id":"893202715e8d40b8b81c697fdce29bfd","signature":"Nav/_Ui"},
	{"flags":0,"id":"2f0299dde2b54efd8e0dc1af115d634c","signature":"NewsArticle"},
	{"flags":0,"id":"09d64f70e8f342269a8f7c55fc25b39d","signature":"NewsArticle/Quotation"},
	{"flags":0,"id":"bbc7390f557e4137a4518a788b58f054","signature":"NewsArticle/Quotation/_Ui"},
	{"flags":0,"id":"315caa699fff4f46a8ae592e5cc60622","signature":"NewsArticle/_Ui"},
	{"flags":0,"id":"f7fc988be4b54e6c9ad79b97e23d9ef0","signature":"NodeLabel"},
	{"flags":0,"id":"48809dec6bcc4d44b834997e0e316c21","signature":"NodeLabel/ThesaurusArray"},
	{"flags":0,"id":"12294da62e9d4450baa1b1b95c2aeefb","signature":"NodeLabel/ThesaurusArray/_Ui"},
	{"flags":0,"id":"7d6f3d21ec1e42df82e56651e194dcc5","signature":"NodeLabel/_Ui"},
	{"flags":0,"id":"ce2e902d64d9424991a1cbe13434941d","signature":"Noscript"},
	{"flags":0,"id":"dd9333a5a39f482e891e2a2d482701fe","signature":"Noscript/_Ui"},
	{"flags":0,"id":"7b231d29033f4f1bafa63db2e500df62","signature":"Note"},
	{"flags":0,"id":"9deed736ddfb4da4a31cf965efe553ff","signature":"Note/ThesaurusConcept"},
	{"flags":0,"id":"3aab0feb3a2447f58a06412f66a0c2c4","signature":"Note/ThesaurusConcept/_Ui"},
	{"flags":0,"id":"bfdaa51a721f46bb80ec884721eb5d92","signature":"Note/_Ui"},
	{"flags":0,"id":"7e4475f0e86c4cb494c8e8e85765ab5f","signature":"ODFExporter"},
	{"flags":0,"id":"97434b0b42524aed9d7e736a0e0cfd25","signature":"ODFExporter/File"},
	{"flags":0,"id":"3141c0631cb8413994753067c72e84fe","signature":"ODFExporter/File/_Ui"},
	{"flags":0,"id":"7d563ed5b15f4b8c87f6b7dfb4c39e6d","signature":"ODFExporter/VirtualType"},
	{"flags":0,"id":"4838c61a26684c5081853d0361ce852c","signature":"ODFExporter/VirtualType/_Ui"},
	{"flags":0,"id":"cc7c68cee27c473caa03949dac0eb6ef","signature":"ODFExporter/_Ui"},
	{"flags":0,"id":"42dfc3e63370433c87c32b3d911c1f7b","signature":"ODSExporter"},
	{"flags":0,"id":"a3355b685a8747fba24aa472f8c3b62a","signature":"ODSExporter/_Ui"},
	{"flags":0,"id":"72dc57450e4b40a2ab3a2bbfbd8d23fa","signature":"ODTExporter"},
	{"flags":0,"id":"735a9b6112b84e278e041f8e5c39a8b0","signature":"ODTExporter/_Ui"},
	{"flags":0,"id":"e0ddce83cf724e1d9765a2b0348fe93d","signature":"Object"},
	{"flags":0,"id":"a6e686996e9d431882850e0aa55d27e3","signature":"Object/_Ui"},
	{"flags":0,"id":"7004674e20c6412caa1cdf8a4a745966","signature":"Occupation"},
	{"flags":0,"id":"2376307da33d449c893ba505bc5cd4be","signature":"Occupation/Organisation"},
	{"flags":0,"id":"564c3e1a2bad4b85b152170ec2f78e3c","signature":"Occupation/Organisation/_Ui"},
	{"flags":0,"id":"33daa2fbebdf4624a27639874f5658fd","signature":"Occupation/Person"},
	{"flags":0,"id":"23c02a5c820a4650ac6dc98e6d4fbafd","signature":"Occupation/Person/_Ui"},
	{"flags":0,"id":"18ea7f6a033a4272a6ce9fd731c0bf7f","signature":"Occupation/_Ui"},
	{"flags":0,"id":"6e0f54cf24404f65bc9aba50275f36d5","signature":"Ol"},
	{"flags":0,"id":"b53cf052346f413bbab7c622eab5cf59","signature":"Ol/_Ui"},
	{"flags":0,"id":"9d28595be1ef4846a38d55c50b3bd8f2","signature":"Optgroup"},
	{"flags":0,"id":"357161205288412283c3c06a27955e2a","signature":"Optgroup/_Ui"},
	{"flags":0,"id":"a375238434974969ba13dcc36926c93c","signature":"Option"},
	{"flags":0,"id":"eb647fdf7b8148bdbde895521d95aa58","signature":"Option/_Ui"},
	{"flags":0,"id":"57f11cd947294351b0f8c14f2a5010e2","signature":"Organisation"},
	{"flags":0,"id":"21dc36e4bbde4fb69302d957e0231980","signature":"Organisation/CreativeWork"},
	{"flags":0,"id":"89fc65a873e64cedaeec5e4be8dea73e","signature":"Organisation/CreativeWork/_Ui"},
	{"flags":0,"id":"0b3b8cc95508405cbc8063b8b3a95386","signature":"Organisation/Occupation"},
	{"flags":0,"id":"c674cd958bad409f9ab4c3e37cd3f8fe","signature":"Organisation/Occupation/_Ui"},
	{"flags":0,"id":"f6460f9682cc4b228d74c5627b6181ec","signature":"Organisation/Person"},
	{"flags":0,"id":"5664ec157b424c40a0ea3ce4f867c0ed","signature":"Organisation/Person/_Ui"},
	{"flags":0,"id":"7eb0012740f548918b8ee7ee6f529e0c","signature":"Organisation/Quotation"},
	{"flags":0,"id":"a07216d6edef4cbf873c962805f52451","signature":"Organisation/Quotation/_Ui"},
	{"flags":0,"id":"23cb7356be744f24b64c06c4ca1adc92","signature":"Organisation/_Ui"},
	{"flags":0,"id":"ea636fbf77fa4d5996b91d50e3978333","signature":"Output"},
	{"flags":0,"id":"9baced7046bd4c8bb6e80a41557e8490","signature":"Output/_Ui"},
	{"flags":0,"id":"633ce238db514d71b8b6544826f4c8df","signature":"P"},
	{"flags":0,"id":"eb9c0970fca94d449234f2d221d8c7d2","signature":"P/_Ui"},
	{"flags":0,"id":"08a95aa9e3524a8c9eead32b62fe5340","signature":"Page"},
	{"flags":0,"id":"3fc88aeb72ca4cb19b63292dc9bd7d4e","signature":"Page/DOMNode"},
	{"flags":0,"id":"10f269d74b6644fba69e3652a0caafb9","signature":"Page/DOMNode/_Ui"},
	{"flags":0,"id":"ca9d45c5d9aa4955bde241e9edc290fd","signature":"Page/Site"},
	{"flags":0,"id":"5e79266e8d2845a3953a809b2d5b0886","signature":"Page/Site/_Ui"},
	{"flags":0,"id":"214b2677a102494ead809defa8b2d495","signature":"Page/_Ui"},
	{"flags":0,"id":"b1bb1a69c7a44ffbb6b6cd8d118685ca","signature":"Param"},
	{"flags":0,"id":"e8ad3884b7784d699a2544dbfdbe755b","signature":"Param/_Ui"},
	{"flags":0,"id":"c628c75d35484d3c91d5efb945ec8914","signature":"PaymentItemNode"},
	{"flags":0,"id":"bc436cf8a3e84acfb60ed27a1c1871ca","signature":"PaymentItemNode/PaymentNode"},
	{"flags":0,"id":"695f2f98635843489164fe47f16165a4","signature":"PaymentItemNode/PaymentNode/_Ui"},
	{"flags":0,"id":"2b0bdccfbd5c4bfaa70e3f55e4064860","signature":"PaymentItemNode/_Ui"},
	{"flags":0,"id":"47fab43a9a124031b04f86ab58287b9c","signature":"PaymentNode"},
	{"flags":0,"id":"bd8269d0e25145f3aeebf3c3c23d6777","signature":"PaymentNode/PaymentItemNode"},
	{"flags":0,"id":"86c2b353536d4d4c829078ad994cea0e","signature":"PaymentNode/PaymentItemNode/_Ui"},
	{"flags":0,"id":"8ce2fe965574401b951ff95977d7aebe","signature":"PaymentNode/_Ui"},
	{"flags":0,"id":"479905ee48d64225a23d7e32ce8697fe","signature":"Person"},
	{"flags":0,"id":"b93b6ffe164b428fbcff7455b3d619ad","signature":"Person/BlogPost"},
	{"flags":0,"id":"b55614a6ea4344bdab02baed90450924","signature":"Person/BlogPost/_Ui"},
	{"flags":0,"id":"a711c071905347db87d19ae47c2e3837","signature":"Person/CreativeWork"},
	{"flags":0,"id":"7a18ceed2ce5474583ca1d8e7391293c","signature":"Person/CreativeWork/_Ui"},
	{"flags":0,"id":"41555fa9932f49ad906d72f929e7bd0d","signature":"Person/Occupation"},
	{"flags":0,"id":"09835fa1dac0403984b9b2988186ba94","signature":"Person/Occupation/_Ui"},
	{"flags":0,"id":"7bffd890bcbf47ccb9d74fef8143150c","signature":"Person/Organisation"},
	{"flags":0,"id":"c248a3b09ea04127bc464ad30a88f458","signature":"Person/Organisation/_Ui"},
	{"flags":0,"id":"0149ecd844dc4676b83b993b895ae329","signature":"Person/Quotation"},
	{"flags":0,"id":"bd4e740536d54b87ab6bed714b8a4464","signature":"Person/Quotation/_Ui"},
	{"flags":0,"id":"c4b83d213b4c4d46b7a30b626d7f23fa","signature":"Person/_Ui"},
	{"flags":0,"id":"6a152796e0d34d15a51179246eca84cc","signature":"Podcast"},
	{"flags":0,"id":"161a9dd2ebcd445c99ba28bf6eaeb62c","signature":"Podcast/Quotation"},
	{"flags":0,"id":"e6841a1621884bbd8f8cdae9a7513f9c","signature":"Podcast/Quotation/_Ui"},
	{"flags":0,"id":"51a15434ccff46eb9119fa4abf4183ff","signature":"Podcast/_Ui"},
	{"flags":0,"id":"eb6d753c7ce84aeeb9857c97f6d3ee6a","signature":"PoliticalProgram"},
	{"flags":0,"id":"6103599920984394b479112f1ac97977","signature":"PoliticalProgram/Quotation"},
	{"flags":0,"id":"63ece5cfc3b4461c9ca4ff0647c90db1","signature":"PoliticalProgram/Quotation/_Ui"},
	{"flags":0,"id":"02f8f243b2ba490c8efcbc0126db4944","signature":"PoliticalProgram/_Ui"},
	{"flags":0,"id":"77c62f56ec594670b39dbc82b9262867","signature":"Pre"},
	{"flags":0,"id":"f08ffa86fa1743838e067aad36dcf589","signature":"Pre/_Ui"},
	{"flags":0,"id":"ab5cb01d9b7840d58a112728267fe4d8","signature":"PreferredTerm"},
	{"flags":0,"id":"9396534e0fd340fa8b501ca31853eb96","signature":"PreferredTerm/SimpleNonPreferredTerm"},
	{"flags":0,"id":"8d7f42c808de42c7afc892e6d94db86c","signature":"PreferredTerm/SimpleNonPreferredTerm/_Ui"},
	{"flags":0,"id":"8bb55bb1a79e4417afa18f7408f812d6","signature":"PreferredTerm/SplitNonPreferredTerm"},
	{"flags":0,"id":"b07744a04d0c4b2490217af3bff569dc","signature":"PreferredTerm/SplitNonPreferredTerm/_Ui"},
	{"flags":0,"id":"f4493132618e466fae2f3b67ae044cfa","signature":"PreferredTerm/ThesaurusConcept"},
	{"flags":0,"id":"227f00880aac4d45a3f26331a1821457","signature":"PreferredTerm/ThesaurusConcept/_Ui"},
	{"flags":0,"id":"0c795dce911442e1804f21eb9866010a","signature":"PreferredTerm/_Ui"},
	{"flags":0,"id":"e72fe958c46e41869c2186ea703d671e","signature":"Principal"},
	{"flags":0,"id":"a6f6bb5a951e43948d357f25f36c4dbc","signature":"Principal/Favoritable"},
	{"flags":0,"id":"c1c123dc40c34ed28d19aee1c956c6d5","signature":"Principal/Favoritable/_Ui"},
	{"flags":0,"id":"9d0c576d81dc4bfcae2ad2b0075ef594","signature":"Principal/Group"},
	{"flags":0,"id":"c58096888e494704ab0dca38c2ae192c","signature":"Principal/Group/_Ui"},
	{"flags":0,"id":"c6a6960d6346483f9b50a079c0ca9fcb","signature":"Principal/_Ui"},
	{"flags":0,"id":"be452ce7e4a94faca0ccbf99881825d2","signature":"Progress"},
	{"flags":0,"id":"103b1163f62d46c8bfd5089ac360d47c","signature":"Progress/_Ui"},
	{"flags":0,"id":"2851ff0b5349496286ec610a071ca723","signature":"Q"},
	{"flags":0,"id":"9e9d9461339c4ac696d1adc336741ea9","signature":"Q/_Ui"},
	{"flags":0,"id":"f30cc0fe3d02429b8627293b6d5415c4","signature":"Quotation"},
	{"flags":0,"id":"8ce265ff084646f39f55d52edb892274","signature":"Quotation/BroadcastService"},
	{"flags":0,"id":"500eb02ac9cd43638d046f6cf7d9e974","signature":"Quotation/BroadcastService/_Ui"},
	{"flags":0,"id":"bad3f423593d427a8785bf5eb83735d1","signature":"Quotation/CreativeWork"},
	{"flags":0,"id":"6915b2d499414044b1d1f041bb672fa5","signature":"Quotation/CreativeWork/_Ui"},
	{"flags":0,"id":"eb8e2ba5993b4b6494f42a3be9c44934","signature":"Quotation/DefinedTerm"},
	{"flags":0,"id":"f6489248228f4ef0b5cfc9d06cea3aac","signature":"Quotation/DefinedTerm/_Ui"},
	{"flags":0,"id":"a574246049ac4f81a36a7eedd400d2a9","signature":"Quotation/NewsArticle"},
	{"flags":0,"id":"e2e1f9facab045e09164546785f0d11b","signature":"Quotation/NewsArticle/_Ui"},
	{"flags":0,"id":"11e856b44c0742a29f915ead16cb6919","signature":"Quotation/Organisation"},
	{"flags":0,"id":"38e88568ec5145d7b12b56547d0ff185","signature":"Quotation/Organisation/_Ui"},
	{"flags":0,"id":"e006d9ef72cd4cd48695a1990a2a8ddf","signature":"Quotation/Person"},
	{"flags":0,"id":"6dee825b9c6148b0947261dca9b6c921","signature":"Quotation/Person/_Ui"},
	{"flags":0,"id":"6241043fb490421d8b0e78f439e66b40","signature":"Quotation/Podcast"},
	{"flags":0,"id":"9943c85bc8a14d18b1653835a26239e2","signature":"Quotation/Podcast/_Ui"},
	{"flags":0,"id":"bd0c5308128c40cb9ae1dcc822ddd9eb","signature":"Quotation/PoliticalProgram"},
	{"flags":0,"id":"b4af8785475c4cceb2b6c336cb593af7","signature":"Quotation/PoliticalProgram/_Ui"},
	{"flags":0,"id":"4b4ac0853fe148b78d49dd6b3a179811","signature":"Quotation/TypeLabel"},
	{"flags":0,"id":"e065101c046a489e8390e377d9479b62","signature":"Quotation/TypeLabel/_Ui"},
	{"flags":0,"id":"ab5402e9db84424093af3ca5fb04574c","signature":"Quotation/_Ui"},
	{"flags":0,"id":"fa495d8cd2ea40f1af47cb585be9e3fe","signature":"RemoteDocument"},
	{"flags":0,"id":"f3a5628a659849ea9100f1c7043b5847","signature":"RemoteDocument/_Ui"},
	{"flags":0,"id":"29788cda521d4354ba33ddc3a3b3a863","signature":"Rp"},
	{"flags":0,"id":"80b6b78a0f6a468083ff9dcda058fb1a","signature":"Rp/_Ui"},
	{"flags":0,"id":"6d590efc5dde45268ceb4d2276f9461c","signature":"Rt"},
	{"flags":0,"id":"399387fdaf9344c9b43449e0bfd6e700","signature":"Rt/_Ui"},
	{"flags":0,"id":"7bf30772c5764e9d967438b39611ac39","signature":"Ruby"},
	{"flags":0,"id":"ed6df366a5de4bfc9ae526544298758e","signature":"Ruby/_Ui"},
	{"flags":0,"id":"9b9cc9bab5354b8a8a77bc73ce9fe85f","signature":"S"},
	{"flags":0,"id":"e62ef157ca3f4d6fb12bc77082e45245","signature":"S/_Ui"},
	{"flags":0,"id":"f3546b901b8745b895bf9da366b03cda","signature":"Samp"},
	{"flags":0,"id":"ee91df21221c4e2baad1821bf94e72aa","signature":"Samp/_Ui"},
	{"flags":0,"id":"9564e75f21fa4118a838cc228124b593","signature":"ScopeNote"},
	{"flags":0,"id":"f9f0b935774b40f7b7e2083fe9a22834","signature":"ScopeNote/ThesaurusConcept"},
	{"flags":0,"id":"15924373a1f549ad9d4f8e043946fc57","signature":"ScopeNote/ThesaurusConcept/_Ui"},
	{"flags":0,"id":"fde86cb69b3045dfa9b8926795a1f1b3","signature":"ScopeNote/_Ui"},
	{"flags":0,"id":"a435c7abd0084ad4aae6d6c6d6822414","signature":"Script"},
	{"flags":0,"id":"2619a69a966d476bbeb9ca009a0af13f","signature":"Script/_Ui"},
	{"flags":0,"id":"1b9b157347a24a6280a5517ff2f46b15","signature":"Section"},
	{"flags":0,"id":"effb04eddae849518b82c3184d72e411","signature":"Section/_Ui"},
	{"flags":0,"id":"cfc1579ab2254b13ab5fa774a3afc0a8","signature":"Select"},
	{"flags":0,"id":"3696ea4bc2694c65bbe7d3b1947232eb","signature":"Select/_Ui"},
	{"flags":0,"id":"64e1f96696894eea9be5ce2a3053573f","signature":"ShadowDocument"},
	{"flags":0,"id":"17e13fbe084c435e97aace36051828f0","signature":"ShadowDocument/_Ui"},
	{"flags":0,"id":"2cce9521b87149e3a60b8e4db36a36f2","signature":"SimpleNonPreferredTerm"},
	{"flags":0,"id":"23147ff174e641c3a06e0a8bd7bab5f0","signature":"SimpleNonPreferredTerm/PreferredTerm"},
	{"flags":0,"id":"1911ed439d9e4fa3b7d6d5800237224d","signature":"SimpleNonPreferredTerm/PreferredTerm/_Ui"},
	{"flags":0,"id":"08e02a2f7d9d4fe4b08c123577549745","signature":"SimpleNonPreferredTerm/ThesaurusConcept"},
	{"flags":0,"id":"7494fea456b74fb8920d2d689f65d48d","signature":"SimpleNonPreferredTerm/ThesaurusConcept/_Ui"},
	{"flags":0,"id":"70eb23acda9b493da61c013c0cb2e20f","signature":"SimpleNonPreferredTerm/_Ui"},
	{"flags":0,"id":"aae9b3ff438341498f1025f3e9320f25","signature":"Site"},
	{"flags":0,"id":"b8cfd1835c7c41f4abd998b6a464e393","signature":"Site/Page"},
	{"flags":0,"id":"bac5fb15d14540d2aa51245747109f2f","signature":"Site/Page/_Ui"},
	{"flags":0,"id":"9d73763b0afc41a29f18088fe4f32a45","signature":"Site/_Ui"},
	{"flags":0,"id":"96d92d0b35824f4babf6839001e3c996","signature":"Small"},
	{"flags":0,"id":"c9ecec0cc8254fce977155a77b4a1974","signature":"Small/_Ui"},
	{"flags":0,"id":"24713eb86c7147db9ce37031bf25667d","signature":"Source"},
	{"flags":0,"id":"ab1f4e485fb74e459df10e447d37929e","signature":"Source/_Ui"},
	{"flags":0,"id":"40127271bc3c4b2db127306480848342","signature":"Span"},
	{"flags":0,"id":"c4089a6610ff473297685c2290cedabf","signature":"Span/_Ui"},
	{"flags":0,"id":"10a36a4c84ed44878b987cce6dfc3cf7","signature":"SplitNonPreferredTerm"},
	{"flags":0,"id":"a605f56ddf6e40a1a53715736db80393","signature":"SplitNonPreferredTerm/PreferredTerm"},
	{"flags":0,"id":"f793c496e773422ea99da01cb8cdceb0","signature":"SplitNonPreferredTerm/PreferredTerm/_Ui"},
	{"flags":0,"id":"28b5d28ba12e42adb450e22df7e45f9e","signature":"SplitNonPreferredTerm/_Ui"},
	{"flags":0,"id":"36490eca99744df4b2cff3bf3161b7ca","signature":"Strong"},
	{"flags":0,"id":"625f51d6baf6425c858245fd0208073c","signature":"Strong/_Ui"},
	{"flags":0,"id":"28b67cb5d80d4804be527e673b93d428","signature":"StructuredDocument"},
	{"flags":0,"id":"daa883f2629e4eea9e5505190143aedb","signature":"StructuredDocument/MetadataNode"},
	{"flags":0,"id":"3569d8597e72443a9d21aa97eb29a6bb","signature":"StructuredDocument/MetadataNode/_Ui"},
	{"flags":0,"id":"b6c3d4de32194741a651f011303ab0c1","signature":"StructuredDocument/_Ui"},
	{"flags":0,"id":"73baf85c72ae493293bdff2d61cd4034","signature":"StructuredTextNode"},
	{"flags":0,"id":"43dcc98f8810454a96c2a8deb505caa6","signature":"StructuredTextNode/StructuredTextNode"},
	{"flags":0,"id":"a60356008800424980c17d6bbef597a0","signature":"StructuredTextNode/StructuredTextNode/_Ui"},
	{"flags":0,"id":"e05da7b922e047db8476b0e3558e013c","signature":"StructuredTextNode/_Ui"},
	{"flags":0,"id":"47e5102047b24fd789c94094244945ca","signature":"Style"},
	{"flags":0,"id":"fb80c6518d514b968da6dc4d47083911","signature":"Style/_Ui"},
	{"flags":0,"id":"9a68c0fdf2ca482faaf0555139fe5e46","signature":"Sub"},
	{"flags":0,"id":"ef5d48fbde824bc4a2d18ba2a47f687d","signature":"Sub/_Ui"},
	{"flags":0,"id":"1bcfa81773744b7cb946741f8d23fe40","signature":"Summary"},
	{"flags":0,"id":"3afe6122e3fc4d9c80d1818ba8271de7","signature":"Summary/_Ui"},
	{"flags":0,"id":"ebc6bc583cb74a31b16545c0be10d13c","signature":"Sup"},
	{"flags":0,"id":"5343ac5147194bd7ab30da8c45d3aa88","signature":"Sup/_Ui"},
	{"flags":0,"id":"48446a513cf1435a808293c79bcb89e9","signature":"Table"},
	{"flags":0,"id":"ad5c1f83fe8f48eb837e2fae6bb599f6","signature":"Table/_Ui"},
	{"flags":0,"id":"d0420f62d4784b9d89cfda1c9363edb6","signature":"Tbody"},
	{"flags":0,"id":"993a83c1b10541b8a7d4c15b3c50fef2","signature":"Tbody/_Ui"},
	{"flags":0,"id":"52273533d85d4cf484fd2ad66d27d69b","signature":"Td"},
	{"flags":0,"id":"d5fb21e44cd84b059f02ea8b3b306322","signature":"Td/_Ui"},
	{"flags":0,"id":"280e16bc1c3d4496b4087858f5834fe0","signature":"Template"},
	{"flags":0,"id":"f84376b1f3d6458eb6341d1e982d376d","signature":"Template/_Ui"},
	{"flags":0,"id":"51355895e397493d9489873aecd19bb0","signature":"Textarea"},
	{"flags":0,"id":"14734b4271c34a72ada9eb3c2d230e44","signature":"Textarea/_Ui"},
	{"flags":0,"id":"733679e4e85a413db4dd1718ab1e3795","signature":"Tfoot"},
	{"flags":0,"id":"9087f53ad17b4b6fa117c2991b6d3c21","signature":"Tfoot/_Ui"},
	{"flags":0,"id":"7ef7721bb3aa485da83052c9459911ba","signature":"Th"},
	{"flags":0,"id":"15c4ee91720445948785868d875986aa","signature":"Th/_Ui"},
	{"flags":0,"id":"9b045c0717b5414c9b6724b3651a8c1a","signature":"Thead"},
	{"flags":0,"id":"aa5f0ec1662b4c88b82b8c07e5eef740","signature":"Thead/_Ui"},
	{"flags":0,"id":"cf480d18e0d441f790af109c1cc515bc","signature":"Thesaurus"},
	{"flags":0,"id":"6972bb8b352a4da2b8f4e604cc702946","signature":"Thesaurus/ConceptGroup"},
	{"flags":0,"id":"f541fc4423b3446da43320fb881d6f30","signature":"Thesaurus/ConceptGroup/_Ui"},
	{"flags":0,"id":"47ebe0359e8c46eaba676ed86c92bb41","signature":"Thesaurus/ThesaurusArray"},
	{"flags":0,"id":"752d6c2acb684a69880c542ffdd9db45","signature":"Thesaurus/ThesaurusArray/_Ui"},
	{"flags":0,"id":"82200ea813fc4cdaa939c863306d34f3","signature":"Thesaurus/ThesaurusConcept"},
	{"flags":0,"id":"6115930f3f8b4852a9b0e1aa2bd264b7","signature":"Thesaurus/ThesaurusConcept/_Ui"},
	{"flags":0,"id":"85c88e178b4846289a918781aa07b3ba","signature":"Thesaurus/VersionHistory"},
	{"flags":0,"id":"bf8fc33f30ad4ddf98406d75011e876d","signature":"Thesaurus/VersionHistory/_Ui"},
	{"flags":0,"id":"2ab61d62498a4f31b2b02caaaafbb92a","signature":"Thesaurus/_Ui"},
	{"flags":0,"id":"2e9583af31004909b3ccc7f406168464","signature":"ThesaurusArray"},
	{"flags":0,"id":"279e7384ee264097ad76bc4d22a729e0","signature":"ThesaurusArray/NodeLabel"},
	{"flags":0,"id":"b6223c42ecea47d09b88ffb583f553c7","signature":"ThesaurusArray/NodeLabel/_Ui"},
	{"flags":0,"id":"71681bccc52847a7bb9e5b0199c5179e","signature":"ThesaurusArray/Thesaurus"},
	{"flags":0,"id":"48ec48bb869b4ba89715630314d1e850","signature":"ThesaurusArray/Thesaurus/_Ui"},
	{"flags":0,"id":"5af3e92e547541e1bf10fe24e975b394","signature":"ThesaurusArray/ThesaurusArray"},
	{"flags":0,"id":"b338330616b04e84993d22e0c46e2ebb","signature":"ThesaurusArray/ThesaurusArray/_Ui"},
	{"flags":0,"id":"c5ca12a0a1ef442f8b9678ce111a11f5","signature":"ThesaurusArray/ThesaurusConcept"},
	{"flags":0,"id":"27196bea8ea74effa464d76ff46ca16d","signature":"ThesaurusArray/ThesaurusConcept/_Ui"},
	{"flags":0,"id":"d4f78093d76c4ecd99f6843ed02823c8","signature":"ThesaurusArray/_Ui"},
	{"flags":0,"id":"3d5bc2b0faa94acbbd1f09a5301ce054","signature":"ThesaurusConcept"},
	{"flags":0,"id":"82da73c364664dcb93129567e57efd9a","signature":"ThesaurusConcept/ConceptGroup"},
	{"flags":0,"id":"b3576541bb5f47adab2769890671e206","signature":"ThesaurusConcept/ConceptGroup/_Ui"},
	{"flags":0,"id":"70c7c954f7a74222bb05c5a213caff54","signature":"ThesaurusConcept/CustomConceptAttribute"},
	{"flags":0,"id":"3565858b62b94b018114519f0bd94d78","signature":"ThesaurusConcept/CustomConceptAttribute/_Ui"},
	{"flags":0,"id":"3481390e528c48548a94e6fa1abd730a","signature":"ThesaurusConcept/CustomNote"},
	{"flags":0,"id":"30c67adea725440a8171b07aa9ef4c01","signature":"ThesaurusConcept/CustomNote/_Ui"},
	{"flags":0,"id":"3a9de32c58f84c4797a9491747d21391","signature":"ThesaurusConcept/HistoryNote"},
	{"flags":0,"id":"c7bd9f48e6c34e8c89ea1ad5aa57daef","signature":"ThesaurusConcept/HistoryNote/_Ui"},
	{"flags":0,"id":"14d43f2a75dd4777952123e1a800f4fb","signature":"ThesaurusConcept/Note"},
	{"flags":0,"id":"0a9351f9e7604c24a2d56c35cdf6ebe0","signature":"ThesaurusConcept/Note/_Ui"},
	{"flags":0,"id":"7beb8d45f69b4a0293e1f221ff771459","signature":"ThesaurusConcept/PreferredTerm"},
	{"flags":0,"id":"64715adb2f8d436793401f9c1ad7575e","signature":"ThesaurusConcept/PreferredTerm/_Ui"},
	{"flags":0,"id":"41c5a33212e74371bc3adc3a80e0f52d","signature":"ThesaurusConcept/ScopeNote"},
	{"flags":0,"id":"e4668646066d41c6bdb5ea98fee04e0d","signature":"ThesaurusConcept/ScopeNote/_Ui"},
	{"flags":0,"id":"fcd2ef8867f34b29ab769c8b7ec09a5b","signature":"ThesaurusConcept/SimpleNonPreferredTerm"},
	{"flags":0,"id":"978214eeefe749c0a23fabc214149ea7","signature":"ThesaurusConcept/SimpleNonPreferredTerm/_Ui"},
	{"flags":0,"id":"f700e6069c884d34a5d48c40332955ed","signature":"ThesaurusConcept/Thesaurus"},
	{"flags":0,"id":"fcaf23c4e902408085d5481289b5d562","signature":"ThesaurusConcept/Thesaurus/_Ui"},
	{"flags":0,"id":"0f932384d0604a14ac71913a05277510","signature":"ThesaurusConcept/ThesaurusArray"},
	{"flags":0,"id":"f000c24c1c9046a48b792fd8849fc92d","signature":"ThesaurusConcept/ThesaurusArray/_Ui"},
	{"flags":0,"id":"7f8836ee1b18499785253c77d23ef3fc","signature":"ThesaurusConcept/ThesaurusConcept"},
	{"flags":0,"id":"c3eb1c0234924ccfa97a2a28a7cc960f","signature":"ThesaurusConcept/ThesaurusConcept/_Ui"},
	{"flags":0,"id":"c9726a118c1942b4915c218d58cc9385","signature":"ThesaurusConcept/_Ui"},
	{"flags":0,"id":"74a5bdc416d94a2d96cf267603a14f80","signature":"ThesaurusTerm"},
	{"flags":0,"id":"2b9b3cb4bac6429b88097daee98cc46a","signature":"ThesaurusTerm/CustomTermAttribute"},
	{"flags":0,"id":"8a2a8256580247579638e64cab39d01d","signature":"ThesaurusTerm/CustomTermAttribute/_Ui"},
	{"flags":0,"id":"24350fcd32a649e283cf55fdfc8b751f","signature":"ThesaurusTerm/Definition"},
	{"flags":0,"id":"d0d19f077df74dde97cdbef33d4ee9ca","signature":"ThesaurusTerm/Definition/_Ui"},
	{"flags":0,"id":"87ed1a0cb77b4d77bc825a4b2554645f","signature":"ThesaurusTerm/EditorialNote"},
	{"flags":0,"id":"d0736d403fe64a29a522cd72218ea68a","signature":"ThesaurusTerm/EditorialNote/_Ui"},
	{"flags":0,"id":"42751a121b4e4935b6693f1651c56413","signature":"ThesaurusTerm/HistoryNote"},
	{"flags":0,"id":"ab71a6e89d2e407b92dc0ee0c3a4d215","signature":"ThesaurusTerm/HistoryNote/_Ui"},
	{"flags":0,"id":"9c157401d5a14c7fbb5668c5ab3180a4","signature":"ThesaurusTerm/_Ui"},
	{"flags":0,"id":"86a71f5e8dbf402fa73e1b0a297754b5","signature":"Time"},
	{"flags":0,"id":"b2823d12b5684eb8aac1cd412271eb7a","signature":"Time/_Ui"},
	{"flags":0,"id":"fa951c1a9afb43b49fc193f3ca7a73d4","signature":"Title"},
	{"flags":0,"id":"be61fdc17fac45429d41de061877600e","signature":"Title/_Ui"},
	{"flags":0,"id":"a0d5c019925647bea8b3c5145dda3e4c","signature":"Tr"},
	{"flags":0,"id":"2a52080e71af4e019543593df7e16e46","signature":"Tr/_Ui"},
	{"flags":0,"id":"f0ca3ded521742a6ae573ccea584dae3","signature":"Track"},
	{"flags":0,"id":"98c2a539df604ccaa2d087fffe385fff","signature":"Track/_Ui"},
	{"flags":0,"id":"109ef4ae4599409f99959c0926002bcc","signature":"TypeLabel"},
	{"flags":0,"id":"74d08a09166f4326b460adaba8204f7e","signature":"TypeLabel/CreativeWork"},
	{"flags":0,"id":"be741874a0cd419ba6fbec4f3728111f","signature":"TypeLabel/CreativeWork/_Ui"},
	{"flags":0,"id":"acdacbc08fe041859f3fc3e215170edb","signature":"TypeLabel/Quotation"},
	{"flags":0,"id":"281bf6e22c6e4b549ef8ddfd5b295257","signature":"TypeLabel/Quotation/_Ui"},
	{"flags":0,"id":"92420d4b994945f7acc3dd626851740b","signature":"TypeLabel/_Ui"},
	{"flags":0,"id":"ab9e83af76554b849e9fbabbcf00b208","signature":"U"},
	{"flags":0,"id":"16445f58ffce4afa9ce3ac75f03e5a66","signature":"U/_Ui"},
	{"flags":0,"id":"2f74ea42c1e04cffa7cc1ac4ae6898d5","signature":"Ul"},
	{"flags":0,"id":"7516a483d1e94c74b78cb56de5c26d72","signature":"Ul/_Ui"},
	{"flags":0,"id":"632f5faeb83149848c96690210907a4a","signature":"User"},
	{"flags":0,"id":"1977c7d7751945289caaba32a4bf4831","signature":"User/Folder"},
	{"flags":0,"id":"0cefbe4462484b998512e41d44e63a6c","signature":"User/Folder/_Ui"},
	{"flags":0,"id":"a96968d0d45248158b02625864409362","signature":"User/Image"},
	{"flags":0,"id":"ba1311a9e2aa49b7921d9f734c563603","signature":"User/Image/_Ui"},
	{"flags":0,"id":"b6b3849a422d4a80a2737880d0f7a5fd","signature":"User/_Ui"},
	{"flags":0,"id":"d71812924def4493817f156fa3901ea8","signature":"Var"},
	{"flags":0,"id":"bd696e0a5bd5456dbf9b1c1049062465","signature":"Var/_Ui"},
	{"flags":0,"id":"e2a955d8df734c32bb47454781f39341","signature":"VersionHistory"},
	{"flags":0,"id":"281f31b3834247c4a479b0a7746788b8","signature":"VersionHistory/Thesaurus"},
	{"flags":0,"id":"6ce62874797d4809992ece9bc629be14","signature":"VersionHistory/Thesaurus/_Ui"},
	{"flags":0,"id":"8ba593afffd94c8ba231e5e92258da04","signature":"VersionHistory/_Ui"},
	{"flags":0,"id":"3c704b44d4d44d2c95afafd1169d58f6","signature":"Video"},
	{"flags":0,"id":"fc9fb605cb0d4e8a94282775dd5b9011","signature":"Video/_Ui"},
	{"flags":0,"id":"39798f66d51c4a818fc041e7133d1abc","signature":"VideoFile"},
	{"flags":0,"id":"f2853acd2c9d4311bdab74df8985e5c6","signature":"VideoFile/Image"},
	{"flags":0,"id":"d782066722b54249b30f8ecc438f4aac","signature":"VideoFile/Image/_Ui"},
	{"flags":0,"id":"fb34cf532e8b4578ac02a3d695a53743","signature":"VideoFile/VideoFile"},
	{"flags":0,"id":"54f08fc095c240e3be571ae365932351","signature":"VideoFile/VideoFile/_Ui"},
	{"flags":0,"id":"e693aad78d3d461db31cf5c65cf9dff9","signature":"VideoFile/_Ui"},
	{"flags":0,"id":"ce0d37ddec834c3fa54f3c4322d135c5","signature":"VirtualProperty"},
	{"flags":0,"id":"0abc20a9c03149de9487f9ec11c88289","signature":"VirtualProperty/VirtualType"},
	{"flags":0,"id":"b9c8784a36ef4c268969e9edc44101a8","signature":"VirtualProperty/VirtualType/_Ui"},
	{"flags":0,"id":"dca06483ed4a40f7b90a7c26c2c873f8","signature":"VirtualProperty/_Ui"},
	{"flags":0,"id":"d50a31c9b3334751a5be7545bef52959","signature":"VirtualType"},
	{"flags":0,"id":"a295b7ea8cd749a7a6aa7a2ccc514519","signature":"VirtualType/ODFExporter"},
	{"flags":0,"id":"d5a611934b944c2bbdfdf7d22bc87ca4","signature":"VirtualType/ODFExporter/_Ui"},
	{"flags":0,"id":"016915e24e9a43d2afc5132b6f2a2ec6","signature":"VirtualType/VirtualProperty"},
	{"flags":0,"id":"7210277222a84c9dade6d1688c5d7124","signature":"VirtualType/VirtualProperty/_Ui"},
	{"flags":0,"id":"d4473af5ae5f4c6fa8145aa470ae1def","signature":"VirtualType/_Ui"},
	{"flags":0,"id":"6ea841b9dfc64ff8aaed07eb9d28b1d6","signature":"Wbr"},
	{"flags":0,"id":"069c53ad77534c56923bbafd16bd7cb3","signature":"Wbr/_Ui"},
	{"flags":0,"id":"f91243d3eb104367a388c3dbe034da00","signature":"Widget"},
	{"flags":0,"id":"c0f31c9bc48841b5aeb0d5aa49b90d9e","signature":"Widget/_Ui"},
	{"flags":0,"id":"76871c883d3d48a582f10ddee40f8473","signature":"XMPPClient"},
	{"flags":0,"id":"b9a5fd985a12476993cb3da6c6db69f1","signature":"XMPPClient/XMPPRequest"},
	{"flags":0,"id":"f43e8f1bf4d3417992087e8948af4014","signature":"XMPPClient/XMPPRequest/_Ui"},
	{"flags":0,"id":"9daf0aab708148ae9ad0a421ce82d906","signature":"XMPPClient/_Ui"},
	{"flags":0,"id":"d35abec9649a4b29878506c02e233071","signature":"XMPPRequest"},
	{"flags":0,"id":"26b9efaf11ef4d058bc15e6587b08e3a","signature":"XMPPRequest/XMPPClient"},
	{"flags":0,"id":"8dc9b4ac582640aeb7de04a6e076cf8b","signature":"XMPPRequest/XMPPClient/_Ui"},
	{"flags":0,"id":"0d37dcd9153b4770af12108348c099f9","signature":"XMPPRequest/_Ui"},
	{"flags":0,"id":"6601c682bc9940f08f7702d55345da77","signature":"_schema/A"},
	{"flags":0,"id":"720519a99f954cc6a2843750f34dc1ed","signature":"_schema/Abbr"},
	{"flags":0,"id":"0a252251d9fb45fdbecfa08b7e81eb32","signature":"_schema/AbstractFile"},
	{"flags":0,"id":"b8f073f405904f1d80dc37a71a3cb348","signature":"_schema/AbstractFile/AbstractFile"},
	{"flags":0,"id":"7bd7b4c2c6494a61a9b8c686363953be","signature":"_schema/AbstractFile/Folder"},
	{"flags":0,"id":"66fadf203a8946d8812dccdd7c757d68","signature":"_schema/AbstractMinifiedFile"},
	{"flags":0,"id":"40fb4e632b7e41cbb64e3542ede41a1e","signature":"_schema/AbstractMinifiedFile/File"},
	{"flags":0,"id":"46fa819402f244e0853f2f1155c491b2","signature":"_schema/Address"},
	{"flags":0,"id":"96e059e1c79941078911f202edb70b8e","signature":"_schema/ApplicationConfigurationDataNode"},
	{"flags":0,"id":"e2fc5967c1b64c799982f21cfb0f9e34","signature":"_schema/Area"},
	{"flags":0,"id":"346365272f814dce9c40912fb97b3371","signature":"_schema/Article"},
	{"flags":0,"id":"6db989c142074b89ab8ca989d60848d6","signature":"_schema/Aside"},
	{"flags":0,"id":"f909781d2d134bb0a2b565d86f451315","signature":"_schema/Audio"},
	{"flags":0,"id":"1203a75decda4df1877fc3d460176fea","signature":"_schema/B"},
	{"flags":0,"id":"d8bb26f85df0433a8892c539f44e07f7","signature":"_schema/Base"},
	{"flags":0,"id":"a24a63da773b4341be575bb5d5c34a62","signature":"_schema/Bdi"},
	{"flags":0,"id":"fdcb6a32f9ea486c9875ab64d955aa60","signature":"_schema/Bdo"},
	{"flags":0,"id":"cb8e3fb8e6cc42b4b1150ecb1583b98d","signature":"_schema/Blockquote"},
	{"flags":0,"id":"5c212bc1c2664b9fa10f1281c95b2690","signature":"_schema/BlogCategory"},
	{"flags":0,"id":"f08af5a27b1a4adf9ae4de120afb3761","signature":"_schema/BlogCategory/BlogPost"},
	{"flags":0,"id":"3ee3c5b348364b10ab9a69e0b0f2f998","signature":"_schema/BlogPost"},
	{"flags":0,"id":"194fed21af434156b09baa46ade94beb","signature":"_schema/BlogPost/BlogCategory"},
	{"flags":0,"id":"eb2fea958f524c3eb6d604a73ad4f515","signature":"_schema/BlogPost/Img"},
	{"flags":0,"id":"0e382f4b95e44f7b881cb3b22379a062","signature":"_schema/BlogPost/Person"},
	{"flags":0,"id":"9bb3b0d3a6f6414c86c07f3538e68d47","signature":"_schema/Body"},
	{"flags":0,"id":"d013e54f973241538a120ef46cf153ae","signature":"_schema/Br"},
	{"flags":0,"id":"e211c1e6457143dba30139978b9712ff","signature":"_schema/BroadcastService"},
	{"flags":0,"id":"5b157a09b0894d8f8aaa80e5af9e645d","signature":"_schema/BroadcastService/Quotation"},
	{"flags":0,"id":"c2d47787733f48f6a68579fbcb85e3d2","signature":"_schema/Button"},
	{"flags":0,"id":"6db2b9b96f64456db0df320a8eeb0cda","signature":"_schema/Canvas"},
	{"flags":0,"id":"f49a5f9b1ad84fed8ac84e63c8174fc9","signature":"_schema/Caption"},
	{"flags":0,"id":"7b0fc76c9ae440f18ba3a4b1560a7cae","signature":"_schema/Cdata"},
	{"flags":0,"id":"88ba261eb1d047e5933cb76e80d62cee","signature":"_schema/Cite"},
	{"flags":0,"id":"12528bec684948a7b881dedb3698c156","signature":"_schema/Code"},
	{"flags":0,"id":"82d2fae824e241eda8b849725e13ce5b","signature":"_schema/Col"},
	{"flags":0,"id":"f2fefc50063e4fe98b322505e3fc31ed","signature":"_schema/Colgroup"},
	{"flags":0,"id":"e67acfe4bade40bc9ae0c2221183ccec","signature":"_schema/Command"},
	{"flags":0,"id":"d5606feffdae481fa968e9b91587ab28","signature":"_schema/Comment"},
	{"flags":0,"id":"410bae90601444f38eceac0483e5fdaa","signature":"_schema/Component"},
	{"flags":0,"id":"1f804f47379c49d4a0a38566e53b59bb","signature":"_schema/ConceptGroup"},
	{"flags":0,"id":"a543300b8fb440e1b325ccc039dbae57","signature":"_schema/ConceptGroup/ConceptGroup"},
	{"flags":0,"id":"d6db92b29e39455993e427354a1c0ef5","signature":"_schema/ConceptGroup/ConceptGroupLabel"},
	{"flags":0,"id":"0c6ccbb459c14a38853aa51ef8b4395f","signature":"_schema/ConceptGroup/Thesaurus"},
	{"flags":0,"id":"24b8bdce7e49446da81ff783168d62ac","signature":"_schema/ConceptGroup/ThesaurusConcept"},
	{"flags":0,"id":"81334b5af3914d4b90db65c6e76785a1","signature":"_schema/ConceptGroupLabel"},
	{"flags":0,"id":"36d23ff94c8646d9ac4a9dc5e3e2fc56","signature":"_schema/ConceptGroupLabel/ConceptGroup"},
	{"flags":0,"id":"7f8df4def0504e6a9bb3250da3cb9d1f","signature":"_schema/Content"},
	{"flags":0,"id":"db07cc6db06543e4ababd30e98b1f6e8","signature":"_schema/ContentContainer"},
	{"flags":0,"id":"104b15e7ea5b4983bed12ef2a8880c36","signature":"_schema/ContentContainer/ContentContainer"},
	{"flags":0,"id":"dc8c04657ef24dc488cfa83ba985d743","signature":"_schema/ContentContainer/ContentItem"},
	{"flags":0,"id":"c578c0d119e54b0a934eb6a358d2bf6c","signature":"_schema/ContentItem"},
	{"flags":0,"id":"bb4895bdee3140fa85b90269363c29db","signature":"_schema/ContentItem/ContentContainer"},
	{"flags":0,"id":"1938671c7fca4508a5a3eeb1dbd22535","signature":"_schema/CreativeWork"},
	{"flags":0,"id":"9dbaeff357124c31a8bbde6bc0951001","signature":"_schema/CreativeWork/CreativeWork"},
	{"flags":0,"id":"16da223fef74484ca15c33eea635a815","signature":"_schema/CreativeWork/DefinedTerm"},
	{"flags":0,"id":"4f90e5ea0ed34c679163c821579ec6fb","signature":"_schema/CreativeWork/Organisation"},
	{"flags":0,"id":"885f30f70d764ce4b9ae81b38235d119","signature":"_schema/CreativeWork/Person"},
	{"flags":0,"id":"47f1ea94b219434b8d386576be661875","signature":"_schema/CreativeWork/Quotation"},
	{"flags":0,"id":"b0c2ab98f9b04d72bf7ad301cf3ceeb5","signature":"_schema/CreativeWork/TypeLabel"},
	{"flags":0,"id":"65b18a00ddeb46d68416b015e492b992","signature":"_schema/CssDeclaration"},
	{"flags":0,"id":"9ae112c58ab1484e9681bb392c870212","signature":"_schema/CssDeclaration/CssRule"},
	{"flags":0,"id":"59b62de7963d45869e5c4604cb34efe2","signature":"_schema/CssRule"},
	{"flags":0,"id":"1ababe9a59bb40e186f5cdd946184d58","signature":"_schema/CssRule/CssDeclaration"},
	{"flags":0,"id":"2b940347eccc43939473cee8cc162001","signature":"_schema/CssRule/CssRule"},
	{"flags":0,"id":"482bd4c8174f404eb173bca2e7cb1e10","signature":"_schema/CssRule/CssSelector"},
	{"flags":0,"id":"fac6a7c9d6bb4b0c961276db2348e29e","signature":"_schema/CssSelector"},
	{"flags":0,"id":"6cb491de625944afa2e32f72779cfb8f","signature":"_schema/CssSelector/CssRule"},
	{"flags":0,"id":"be88cbfa4d1b4a229e109ad8f19bf579","signature":"_schema/CssSelector/CssSemanticClass"},
	{"flags":0,"id":"cef7cccd42464a2f91db6207e0e0bf4c","signature":"_schema/CssSemanticClass"},
	{"flags":0,"id":"93993730cd0a4142a404ec3271b040ef","signature":"_schema/CssSemanticClass/CssSelector"},
	{"flags":0,"id":"a10544826680490ea8b2ea7b277541cd","signature":"_schema/CustomConceptAttribute"},
	{"flags":0,"id":"10ec68778efa44f4ac3fe72429756eae","signature":"_schema/CustomConceptAttribute/ThesaurusConcept"},
	{"flags":0,"id":"d546a10b173840f5897c8d3b2699ee67","signature":"_schema/CustomNote"},
	{"flags":0,"id":"04922b1827f247cca2c7fba86152c945","signature":"_schema/CustomNote/ThesaurusConcept"},
	{"flags":0,"id":"dee2e393bb924bbe97107a7758b4405e","signature":"_schema/CustomTermAttribute"},
	{"flags":0,"id":"3eff4f5796ed41c1982dbeca75046aca","signature":"_schema/CustomTermAttribute/ThesaurusTerm"},
	{"flags":0,"id":"75c3f670868a447e83f9099e868a8c84","signature":"_schema/DOMElement"},
	{"flags":0,"id":"df5e8096100d4fd8b58b62f8a5a4519b","signature":"_schema/DOMElement/DOMElement"},
	{"flags":0,"id":"42d14426402b4c2c84287e1f6d39cd98","signature":"_schema/DOMNode"},
	{"flags":0,"id":"0e043f1caa904699ae9fa3c4ea1439cc","signature":"_schema/DOMNode/DOMNode"},
	{"flags":0,"id":"597d3d3769b1478aa4c8b4fa7ed583ba","signature":"_schema/DOMNode/Page"},
	{"flags":0,"id":"9f870310e5254422a87ef0a96021814a","signature":"_schema/DataFeed"},
	{"flags":0,"id":"ab379a15a36648a8b5c34877db1025eb","signature":"_schema/DataFeed/FeedItem"},
	{"flags":0,"id":"adcb6b1893094cdc8ca779978e0c189c","signature":"_schema/Datalist"},
	{"flags":0,"id":"ca7bf7827150493486aee26b9b983c74","signature":"_schema/Dd"},
	{"flags":0,"id":"617d37d757034582902ff29f9bc94da0","signature":"_schema/DefinedTerm"},
	{"flags":0,"id":"b6615447fc454b07a8e46bccd648a22c","signature":"_schema/DefinedTerm/CreativeWork"},
	{"flags":0,"id":"e03d843127004ee9b6a163e550258964","signature":"_schema/DefinedTerm/Quotation"},
	{"flags":0,"id":"8d92299cf0a44879b2df28c1424ce6d9","signature":"_schema/Definition"},
	{"flags":0,"id":"ae3754c3d5154be09689b07cb5ab024e","signature":"_schema/Definition/ThesaurusTerm"},
	{"flags":0,"id":"fe0c0e1b7cb947dcb8195633e688f4db","signature":"_schema/Del"},
	{"flags":0,"id":"fa593d7c0e054cb28c85fa6dc31cbb9d","signature":"_schema/Details"},
	{"flags":0,"id":"95ee041af63f4a198d550d3eab95c7ef","signature":"_schema/Dfn"},
	{"flags":0,"id":"3c493e9648b94a479c625ad8cfc022b4","signature":"_schema/Div"},
	{"flags":0,"id":"6c3a56ecf1d54409b3e9a76dab2389d6","signature":"_schema/Dl"},
	{"flags":0,"id":"a99971e790b44314803edc99acb91c52","signature":"_schema/DocumentFragment"},
	{"flags":0,"id":"576437d76b1442108e6856b0e6931358","signature":"_schema/Dt"},
	{"flags":0,"id":"158392c8fdeb469d8018797f73d09ba4","signature":"_schema/EMailMessage"},
	{"flags":0,"id":"75b11f2902164ef3a869ad840f386df0","signature":"_schema/EMailMessage/File"},
	{"flags":0,"id":"24d427a783d24f318481e4a3055c8ba5","signature":"_schema/EMailMessage/Mailbox"},
	{"flags":0,"id":"542b21a192c9405a84ddb8b73fcfc441","signature":"_schema/EditorialNote"},
	{"flags":0,"id":"5f610b2c82264f88a6cbc043ee80983c","signature":"_schema/EditorialNote/ThesaurusTerm"},
	{"flags":0,"id":"feeb663c3c25448b97a1a615c946c605","signature":"_schema/Em"},
	{"flags":0,"id":"5c20b8d1608440fd8003a2b18e829ebe","signature":"_schema/Embed"},
	{"flags":0,"id":"98c4417a591642f3800867fe869fbc01","signature":"_schema/Favoritable"},
	{"flags":0,"id":"86f73a53e50f45018fedaf0a9a2c098a","signature":"_schema/Favoritable/Principal"},
	{"flags":0,"id":"c1eae53f6c7f41e8b111b0d204ce5a31","signature":"_schema/FeedItem"},
	{"flags":0,"id":"8562178293084f07803452bcd7e83b74","signature":"_schema/FeedItem/DataFeed"},
	{"flags":0,"id":"3ebc3242767143adac5bf24d3baf6520","signature":"_schema/FeedItem/FeedItemContent"},
	{"flags":0,"id":"d76b04d1a94b419fbc21bc9950795bc1","signature":"_schema/FeedItem/FeedItemEnclosure"},
	{"flags":0,"id":"d64dbf454a9041edb80ff4f5c1d60325","signature":"_schema/FeedItemContent"},
	{"flags":0,"id":"c9ef76d541024a6092f1a1d9d454f3ba","signature":"_schema/FeedItemContent/FeedItem"},
	{"flags":0,"id":"a62056503fec4373a0bdf4cc3c1582d8","signature":"_schema/FeedItemEnclosure"},
	{"flags":0,"id":"30ca9561792647c0a152443d77f5c8e0","signature":"_schema/FeedItemEnclosure/FeedItem"},
	{"flags":0,"id":"dedeccacddcc42d5907ac5797ae82574","signature":"_schema/Fieldset"},
	{"flags":0,"id":"7304d2cb1639433fa678fa9aa58e2169","signature":"_schema/Figcaption"},
	{"flags":0,"id":"fe06c1435cdf480284c13f244e186979","signature":"_schema/Figure"},
	{"flags":0,"id":"5328e0c5729544558f5907f64e679f57","signature":"_schema/File"},
	{"flags":0,"id":"bca21acb01064d76890d79169885b65e","signature":"_schema/File/AbstractMinifiedFile"},
	{"flags":0,"id":"6f14d52759ce40359be625c8af7b3012","signature":"_schema/File/EMailMessage"},
	{"flags":0,"id":"6ee425276e784dee8b7652032f5881ea","signature":"_schema/File/Folder"},
	{"flags":0,"id":"0b671a290b8c46ceaa6e84bb76bffabc","signature":"_schema/File/ODFExporter"},
	{"flags":0,"id":"9d7616677f6e4d98870fd7f294386e94","signature":"_schema/Folder"},
	{"flags":0,"id":"c3bd6801ce4440d09dd0342998f3f458","signature":"_schema/Folder/AbstractFile"},
	{"flags":0,"id":"a34439c9af724a6d952e092cfd13e91e","signature":"_schema/Folder/File"},
	{"flags":0,"id":"7cee1949cd4341b3bbef13969e5946e9","signature":"_schema/Folder/Folder"},
	{"flags":0,"id":"b007ac494b224fb08660b7bc53248cd6","signature":"_schema/Folder/Image"},
	{"flags":0,"id":"c496f679b5214e95a0a88c67aa00ac0a","signature":"_schema/Folder/User"},
	{"flags":0,"id":"8ba47283b271499ca455ab262e661b11","signature":"_schema/Footer"},
	{"flags":0,"id":"b702a10491bd455a99c90ba40dab7bbc","signature":"_schema/Form"},
	{"flags":0,"id":"cbf6171b282c4bfaae2aeb3cb7def586","signature":"_schema/G"},
	{"flags":0,"id":"486512d04d404f8dae82a45e3fda28cf","signature":"_schema/Group"},
	{"flags":0,"id":"661bdb944dac4daebf1a676de4703114","signature":"_schema/Group/Principal"},
	{"flags":0,"id":"4f3a8851d83d41d1872f9d117b4d4a17","signature":"_schema/H1"},
	{"flags":0,"id":"3b3374b05b584ec9a2303c4ff430c4b4","signature":"_schema/H2"},
	{"flags":0,"id":"8bdc5269dc65489d8f07120ecfd65edb","signature":"_schema/H3"},
	{"flags":0,"id":"3c5bf0648ffa472c8d68fff7f109fa74","signature":"_schema/H4"},
	{"flags":0,"id":"da5bdd4dcf0248819de58d4fd8ea4c9d","signature":"_schema/H5"},
	{"flags":0,"id":"6a147dbb457d4dc69402be1b0b1084c0","signature":"_schema/H6"},
	{"flags":0,"id":"3731c8c519aa4923bcceaced00680765","signature":"_schema/Head"},
	{"flags":0,"id":"9870fa0ac09d4e6e89ccbb5e11f23ae4","signature":"_schema/Header"},
	{"flags":0,"id":"f4174843c4ed426c940aec2b8d192358","signature":"_schema/Hgroup"},
	{"flags":0,"id":"75c48f83d08540d5ba37c5c0eaca0317","signature":"_schema/HistoryNote"},
	{"flags":0,"id":"14d07a587f954995899037a88ef3409f","signature":"_schema/HistoryNote/ThesaurusConcept"},
	{"flags":0,"id":"49fc1bd866f443b4af7b0ed570616579","signature":"_schema/HistoryNote/ThesaurusTerm"},
	{"flags":0,"id":"121d76954aa1475aaf7d5075541d2dec","signature":"_schema/Hr"},
	{"flags":0,"id":"c315ed53158147d28e142beaa6de4eff","signature":"_schema/Html"},
	{"flags":0,"id":"3993ed606f814bd89f9b0d702aaea597","signature":"_schema/I"},
	{"flags":0,"id":"4d4c0ce94b914818a4f5b2c93e18d633","signature":"_schema/Iframe"},
	{"flags":0,"id":"8560019ce21e4268a01164f9c4af1f7e","signature":"_schema/Image"},
	{"flags":0,"id":"3d593129d4ca435f9b974567234a5f1a","signature":"_schema/Image/Folder"},
	{"flags":0,"id":"88a36d0c59304c7c9c3811c7d47a870c","signature":"_schema/Image/Image"},
	{"flags":0,"id":"854f5317dbc44d839599c2727aa0457b","signature":"_schema/Image/User"},
	{"flags":0,"id":"b0c63433acfd4362a928fc8e609aa115","signature":"_schema/Image/VideoFile"},
	{"flags":0,"id":"3883ceb295244b539096c737a1a0670d","signature":"_schema/Img"},
	{"flags":0,"id":"33390aca966447fa85f91f311f5e32f9","signature":"_schema/Img/BlogPost"},
	{"flags":0,"id":"675ea6feb0fd4759a6f5005769ae5911","signature":"_schema/Indexable"},
	{"flags":0,"id":"f8c138ba0ceb4cfa8e4db145ecaa9371","signature":"_schema/Indexable/IndexedWord"},
	{"flags":0,"id":"b093eb7836724f938bb0ec473ad77d9a","signature":"_schema/IndexedWord"},
	{"flags":0,"id":"5f4285f40f9946dc8c4187f89b1e467a","signature":"_schema/IndexedWord/Indexable"},
	{"flags":0,"id":"068ccb4261a140299415c87cd652fdf7","signature":"_schema/Input"},
	{"flags":0,"id":"338b32eb2ad44586978f392b3e344040","signature":"_schema/Ins"},
	{"flags":0,"id":"ce67243154844c7399bbec1c994bf177","signature":"_schema/JavaScriptSource"},
	{"flags":0,"id":"6b1600b91abe4fa1b380f5e8b9c8dad8","signature":"_schema/KafkaClient"},
	{"flags":0,"id":"f9eadb3a67764a2494a8b88c0b894091","signature":"_schema/Kbd"},
	{"flags":0,"id":"0d79ffc23e84452797bc41d40f512356","signature":"_schema/Keygen"},
	{"flags":0,"id":"13fe239cb69e47b195cfad9a72dcda40","signature":"_schema/LDAPGroup"},
	{"flags":0,"id":"8c095a3a8d7947f09c069f6a7a590f97","signature":"_schema/LDAPUser"},
	{"flags":0,"id":"c2a8b34fc78f4f9faa76cb02f2b7dfa4","signature":"_schema/Label"},
	{"flags":0,"id":"e826d1b16a5943699a32583f53e7c46e","signature":"_schema/Legend"},
	{"flags":0,"id":"3f0af7ba200740209aa0d0ff6cfadff2","signature":"_schema/Li"},
	{"flags":0,"id":"95ef2b9c63ed451dbe332b0ab6d47e60","signature":"_schema/Link"},
	{"flags":0,"id":"14423e89e61c41b2b6c8392579af72ef","signature":"_schema/LinkSource"},
	{"flags":0,"id":"fc8b767c36ff40cebb14d668097fb787","signature":"_schema/LinkSource/Linkable"},
	{"flags":0,"id":"717369eeffa2401ea4ee242d1fe6fed8","signature":"_schema/Linkable"},
	{"flags":0,"id":"81db334d4e404f93bc95f17f70a17250","signature":"_schema/Linkable/LinkSource"},
	{"flags":0,"id":"1c193a0b0f24481ba8f34ed8cd1083d7","signature":"_schema/Localization"},
	{"flags":0,"id":"d2b3f1de2c394309832421992347ef19","signature":"_schema/Location"},
	{"flags":0,"id":"12cd1e89fc54481bbf25ad680eac3673","signature":"_schema/MQTTClient"},
	{"flags":0,"id":"91e65463718f471da42075ca0d109396","signature":"_schema/MailTemplate"},
	{"flags":0,"id":"13bacd99361d4bc8a2a4c0181e02b4f2","signature":"_schema/Mailbox"},
	{"flags":0,"id":"1e281dc9771b4160af25073793728064","signature":"_schema/Mailbox/EMailMessage"},
	{"flags":0,"id":"27ee04fb9bcf4da7a981f7a1e28f1a4b","signature":"_schema/Main"},
	{"flags":0,"id":"cdba7e4fffd940a28158225d4aa2aa98","signature":"_schema/Map"},
	{"flags":0,"id":"2ffea194985d4f2097c43c936db2431b","signature":"_schema/Mark"},
	{"flags":0,"id":"29eeeca0d08d46ecb4cbe2853f3f6524","signature":"_schema/Menu"},
	{"flags":0,"id":"adfc24fc498f41598234caf763c14211","signature":"_schema/MessageClient"},
	{"flags":0,"id":"5560e5e448ef4fa5ae9db1d3b85d1cae","signature":"_schema/MessageClient/MessageSubscriber"},
	{"flags":0,"id":"d1e4000cc26244ef912bd9768a55b194","signature":"_schema/MessageSubscriber"},
	{"flags":0,"id":"81f46c58d7284a7ba5695d5a77ff4d48","signature":"_schema/MessageSubscriber/MessageClient"},
	{"flags":0,"id":"e40496971d434c1eb75a8fa8a236ab84","signature":"_schema/Meta"},
	{"flags":0,"id":"8136a000d985416db43af0d9cb95607d","signature":"_schema/MetadataNode"},
	{"flags":0,"id":"7ed478c52e6f4d9298e4dc6b724b9aba","signature":"_schema/MetadataNode/StructuredDocument"},
	{"flags":0,"id":"108839f8f6ba4f3197355d50936a67c2","signature":"_schema/Meter"},
	{"flags":0,"id":"c209dce257a548d5b14b9178ba45b8cc","signature":"_schema/MinifiedCssFile"},
	{"flags":0,"id":"f1fd764726814d0babe4ac0a03f06f29","signature":"_schema/MinifiedJavaScriptFile"},
	{"flags":0,"id":"07017a4e2d0a462d86a23d007baf84ca","signature":"_schema/Nav"},
	{"flags":0,"id":"647c02584d7b4174a2869e1a186aaf5b","signature":"_schema/NewsArticle"},
	{"flags":0,"id":"e072156b6eb0482899a2e85a1f496ee9","signature":"_schema/NewsArticle/Quotation"},
	{"flags":0,"id":"91096d1503204ecd9fde36152607d227","signature":"_schema/NodeLabel"},
	{"flags":0,"id":"394e07de64c2432c8ba010787945f0c0","signature":"_schema/NodeLabel/ThesaurusArray"},
	{"flags":0,"id":"03c3f25f487445108f4f37ece0834b1c","signature":"_schema/Noscript"},
	{"flags":0,"id":"84d36d3a575d4587ad4c056bcda72a5c","signature":"_schema/Note"},
	{"flags":0,"id":"a02578ac97384eb59c6b81fd4635ffd4","signature":"_schema/Note/ThesaurusConcept"},
	{"flags":0,"id":"1567bca006d045ada4a00403b9b400b5","signature":"_schema/ODFExporter"},
	{"flags":0,"id":"3fd2021aa02141448ababb14feee5246","signature":"_schema/ODFExporter/File"},
	{"flags":0,"id":"1808fa3cc0104fd59aabf54290c21fbc","signature":"_schema/ODFExporter/VirtualType"},
	{"flags":0,"id":"5aff265fde3f4720b8328a1076deee3e","signature":"_schema/ODSExporter"},
	{"flags":0,"id":"b3d3d5210d2942f79f0de8ebd2ca016f","signature":"_schema/ODTExporter"},
	{"flags":0,"id":"220909e944ef451880b1eb6d869bc6ca","signature":"_schema/Object"},
	{"flags":0,"id":"1a9da12d316e4bc197802e99833ce155","signature":"_schema/Occupation"},
	{"flags":0,"id":"b393fe5331a94514a8b12dff9febb712","signature":"_schema/Occupation/Organisation"},
	{"flags":0,"id":"93a5c99769254cae97938e4637b144f8","signature":"_schema/Occupation/Person"},
	{"flags":0,"id":"8fb64644a25a4ed6be2beeb5e2fbe0a3","signature":"_schema/Ol"},
	{"flags":0,"id":"361c62bd5e8c46d5adb25b74d5a8ea83","signature":"_schema/Optgroup"},
	{"flags":0,"id":"893b5d0b03854566957488fb3525438d","signature":"_schema/Option"},
	{"flags":0,"id":"6cce33b2d63b4a908dfc82380b976ca3","signature":"_schema/Organisation"},
	{"flags":0,"id":"fe6da4a0bb794b05a0fac66f24866199","signature":"_schema/Organisation/CreativeWork"},
	{"flags":0,"id":"e017ea718122481eb9862613a54d193f","signature":"_schema/Organisation/Occupation"},
	{"flags":0,"id":"5c0345e096b447bb8e97aa01749d2634","signature":"_schema/Organisation/Person"},
	{"flags":0,"id":"b9975e13566141a491f9ca4f97d4c207","signature":"_schema/Organisation/Quotation"},
	{"flags":0,"id":"6a4e6a2a392e4a1ba84c0362f555141f","signature":"_schema/Output"},
	{"flags":0,"id":"c9023225c245490bb7f18abe86b9feac","signature":"_schema/P"},
	{"flags":0,"id":"dd0e9525e660458eb7085df8c0f7fa9b","signature":"_schema/Page"},
	{"flags":0,"id":"f7810b4f65db41b1bbb314e3db4389b5","signature":"_schema/Page/DOMNode"},
	{"flags":0,"id":"73fa514f0cec4734a1788428fa17a6de","signature":"_schema/Page/Site"},
	{"flags":0,"id":"3b431858a1e349e9a15606dbe50933df","signature":"_schema/Param"},
	{"flags":0,"id":"60239ba7926148e890d6a858469149cb","signature":"_schema/PaymentItemNode"},
	{"flags":0,"id":"4c193043932b4dd6aae3a27b97cd8f7b","signature":"_schema/PaymentItemNode/PaymentNode"},
	{"flags":0,"id":"4ddb0ffcf3cc4e8b88accf0dbfcbb0a8","signature":"_schema/PaymentNode"},
	{"flags":0,"id":"d8fc663b8ffe4963987f3ac3dfddbfae","signature":"_schema/PaymentNode/PaymentItemNode"},
	{"flags":0,"id":"e276f12ed097495699a2cfa2a98d92ff","signature":"_schema/Person"},
	{"flags":0,"id":"1da9a56e9258425582073f9b2af3e362","signature":"_schema/Person/BlogPost"},
	{"flags":0,"id":"cb152d0237af4f0797ba8e116344c492","signature":"_schema/Person/CreativeWork"},
	{"flags":0,"id":"bd950a020e8546a5ba66944d04daa95c","signature":"_schema/Person/Occupation"},
	{"flags":0,"id":"afa876648c2a443192f88492e2ea75d4","signature":"_schema/Person/Organisation"},
	{"flags":0,"id":"ade6df33d706470face8cdb5f1eb0934","signature":"_schema/Person/Quotation"},
	{"flags":0,"id":"3f56c101ac094837be56f99c115c37ab","signature":"_schema/Podcast"},
	{"flags":0,"id":"88462023d0cd41fe8a81d41cfb5e7df3","signature":"_schema/Podcast/Quotation"},
	{"flags":0,"id":"c9300e9e5c3441559c96bff3ca4e78fd","signature":"_schema/PoliticalProgram"},
	{"flags":0,"id":"f57fb1bff0ec456e9cea21c078287888","signature":"_schema/PoliticalProgram/Quotation"},
	{"flags":0,"id":"c60844a0ec0b42e9b54f8379356ca155","signature":"_schema/Pre"},
	{"flags":0,"id":"9081d67caf384732a4bee90cc0e6487c","signature":"_schema/PreferredTerm"},
	{"flags":0,"id":"796be4f574dd448a86b7534f91aee5fc","signature":"_schema/PreferredTerm/SimpleNonPreferredTerm"},
	{"flags":0,"id":"7e52825100f94f5e8a37a97aac01fe5e","signature":"_schema/PreferredTerm/SplitNonPreferredTerm"},
	{"flags":0,"id":"837fd8fcb4554315b152fa2dd3bce053","signature":"_schema/PreferredTerm/ThesaurusConcept"},
	{"flags":0,"id":"a5a622c00e55436d9732337abef2f9aa","signature":"_schema/Principal"},
	{"flags":0,"id":"701905c3bd804219832bc9467f73f9f8","signature":"_schema/Principal/Favoritable"},
	{"flags":0,"id":"df7f3d51a7664b6f935e8975f0ea3b46","signature":"_schema/Principal/Group"},
	{"flags":0,"id":"34d6cfb622234175bd73b62a29b7aabc","signature":"_schema/Progress"},
	{"flags":0,"id":"8b48bbcce03a4fbead085d455bacfefa","signature":"_schema/Q"},
	{"flags":0,"id":"f581025004a84ad480c50091cdbbd131","signature":"_schema/Quotation"},
	{"flags":0,"id":"31b28bdd5b1a4956bd656918264abe5e","signature":"_schema/Quotation/BroadcastService"},
	{"flags":0,"id":"7c79d2e1dad0436c95fe03f49414a0e6","signature":"_schema/Quotation/CreativeWork"},
	{"flags":0,"id":"2323420d14964dbe88bdd296e9383dca","signature":"_schema/Quotation/DefinedTerm"},
	{"flags":0,"id":"93dc1f03ef794822a5817bea381fab34","signature":"_schema/Quotation/NewsArticle"},
	{"flags":0,"id":"84a7cd21202e4f20ad1cb6dc021ab835","signature":"_schema/Quotation/Organisation"},
	{"flags":0,"id":"a5c2281b6d0a4451ac307ba3f4f2af51","signature":"_schema/Quotation/Person"},
	{"flags":0,"id":"f1d5d3055ff14d96b2f373614d07da5e","signature":"_schema/Quotation/Podcast"},
	{"flags":0,"id":"459132acb5fb4e9db2f7e0d29d023714","signature":"_schema/Quotation/PoliticalProgram"},
	{"flags":0,"id":"d8adbb89b57a4213bcfaeb4e5cb0dbb5","signature":"_schema/Quotation/TypeLabel"},
	{"flags":0,"id":"bb3bfeb134f145318e6eb531da19d63d","signature":"_schema/RemoteDocument"},
	{"flags":0,"id":"d3c0b3d7dcee460e9cc599cc69f2782e","signature":"_schema/Rp"},
	{"flags":0,"id":"2bab5898edad4c7fbaf7e47349306fe7","signature":"_schema/Rt"},
	{"flags":0,"id":"6feb2119027b4266bdb66fd570e576d1","signature":"_schema/Ruby"},
	{"flags":0,"id":"b12054ec5aa947b5b2338a5e5b13345c","signature":"_schema/S"},
	{"flags":0,"id":"c564dc8e284d455c8ee0f034051cac52","signature":"_schema/Samp"},
	{"flags":0,"id":"29ba296391d64758ae0428824b09db73","signature":"_schema/ScopeNote"},
	{"flags":0,"id":"4cd0928db3e9444ea7edf3082d0035b3","signature":"_schema/ScopeNote/ThesaurusConcept"},
	{"flags":0,"id":"6fca321dcbd04fd993bde148ebf0d307","signature":"_schema/Script"},
	{"flags":0,"id":"6f98ee68dd2d4394ae92524f85df612d","signature":"_schema/Section"},
	{"flags":0,"id":"c8a6ac700523450b92005ebdd0b6c9a1","signature":"_schema/Select"},
	{"flags":0,"id":"3307f7db399f494ba2bef993904ee80f","signature":"_schema/ShadowDocument"},
	{"flags":0,"id":"13fda81e132049e785ef9c0faa9daca3","signature":"_schema/SimpleNonPreferredTerm"},
	{"flags":0,"id":"73eb37e112f64d5eba5239dcfb3c74b2","signature":"_schema/SimpleNonPreferredTerm/PreferredTerm"},
	{"flags":0,"id":"084b7ead11b943f59738cd7e8135422b","signature":"_schema/SimpleNonPreferredTerm/ThesaurusConcept"},
	{"flags":0,"id":"dbd9ef4837214a34b4ef41ac9fa38423","signature":"_schema/Site"},
	{"flags":0,"id":"65909b2be2f2429684751e17f6475c45","signature":"_schema/Site/Page"},
	{"flags":0,"id":"5032b10264b947deb4b4559ec68de7ea","signature":"_schema/Small"},
	{"flags":0,"id":"5a19d9e11c594d088e6c3703d285e22b","signature":"_schema/Source"},
	{"flags":0,"id":"c56fb3de3d004227858b45ffc1cd3c00","signature":"_schema/Span"},
	{"flags":0,"id":"3044d47124ce4e3e819ee30fde32e7f8","signature":"_schema/SplitNonPreferredTerm"},
	{"flags":0,"id":"73836778318c4cf38896b1bc56f4b173","signature":"_schema/SplitNonPreferredTerm/PreferredTerm"},
	{"flags":0,"id":"d49cb271e7e44ea5b77e624da89feab4","signature":"_schema/Strong"},
	{"flags":0,"id":"523000355a444b679cfade9744ff7602","signature":"_schema/StructuredDocument"},
	{"flags":0,"id":"66487bc34d404d5bb003764e8641d941","signature":"_schema/StructuredDocument/MetadataNode"},
	{"flags":0,"id":"60d51646a41a4954bb9bd32cf4c83f82","signature":"_schema/StructuredTextNode"},
	{"flags":0,"id":"065816c9751a4efe85172ecbde2f24bb","signature":"_schema/StructuredTextNode/StructuredTextNode"},
	{"flags":0,"id":"4f5584e5f5c646828353e5d52a7acabd","signature":"_schema/Style"},
	{"flags":0,"id":"f5c2b06053c745e9bd04705ecacca26f","signature":"_schema/Sub"},
	{"flags":0,"id":"8edf9d20aeb84324bc1b7d43907eeb92","signature":"_schema/Summary"},
	{"flags":0,"id":"fb8cd8f38eaf4d8ca147f599d0fd0c4e","signature":"_schema/Sup"},
	{"flags":0,"id":"0e6ba5a10ecf446aa10cb437003e106d","signature":"_schema/Table"},
	{"flags":0,"id":"92f1f9cc79de45bdabb6931c7f45c4bc","signature":"_schema/Tbody"},
	{"flags":0,"id":"0984714f2fc54e64859550f8e25cd583","signature":"_schema/Td"},
	{"flags":0,"id":"840a663ec2354abaaf087b648b14515b","signature":"_schema/Template"},
	{"flags":0,"id":"b1eb25e6102f4e6297fd67e68ae44f58","signature":"_schema/Textarea"},
	{"flags":0,"id":"40f633d5676e43d8abb07117fdfb8b1e","signature":"_schema/Tfoot"},
	{"flags":0,"id":"c5f1b90664884d10bec481e7a81d8ce1","signature":"_schema/Th"},
	{"flags":0,"id":"26303f69df1940e4ade02a7c0e76abd9","signature":"_schema/Thead"},
	{"flags":0,"id":"1bb818760d6a481e9f9c26a4155628cc","signature":"_schema/Thesaurus"},
	{"flags":0,"id":"be9e71bce0be4d8bb1a7323fe589be48","signature":"_schema/Thesaurus/ConceptGroup"},
	{"flags":0,"id":"a1228e4a6bfa42bb9bd2b5db49c56ea7","signature":"_schema/Thesaurus/ThesaurusArray"},
	{"flags":0,"id":"dc16569310424069984771773ccbb5d3","signature":"_schema/Thesaurus/ThesaurusConcept"},
	{"flags":0,"id":"14c0dcc557764776904b0970adbc7ac4","signature":"_schema/Thesaurus/VersionHistory"},
	{"flags":0,"id":"331ac22d94a64e82909914f60d8a784d","signature":"_schema/ThesaurusArray"},
	{"flags":0,"id":"051815748c4841989fceb1f8bf250660","signature":"_schema/ThesaurusArray/NodeLabel"},
	{"flags":0,"id":"ac252d8c456e4f9dbeed276bf9bd1089","signature":"_schema/ThesaurusArray/Thesaurus"},
	{"flags":0,"id":"b9ba8b2a908b4fd180a2fc7527663f12","signature":"_schema/ThesaurusArray/ThesaurusArray"},
	{"flags":0,"id":"ada617f4a5784bc2b06e713f65450988","signature":"_schema/ThesaurusArray/ThesaurusConcept"},
	{"flags":0,"id":"9b7ddbabeb6048798be8dc9a943a002d","signature":"_schema/ThesaurusConcept"},
	{"flags":0,"id":"b4fdd75803764528a45b131095649ae1","signature":"_schema/ThesaurusConcept/ConceptGroup"},
	{"flags":0,"id":"f5dd642b65594b6cad8aa3df76155f83","signature":"_schema/ThesaurusConcept/CustomConceptAttribute"},
	{"flags":0,"id":"686fa6ccb6134352b6f1e2398b33b679","signature":"_schema/ThesaurusConcept/CustomNote"},
	{"flags":0,"id":"196871af87db40e08ba2787600bbd1ca","signature":"_schema/ThesaurusConcept/HistoryNote"},
	{"flags":0,"id":"b1a4ba14876149ff8a79e7050839010c","signature":"_schema/ThesaurusConcept/Note"},
	{"flags":0,"id":"14dd5851b603414badd589ed3674376b","signature":"_schema/ThesaurusConcept/PreferredTerm"},
	{"flags":0,"id":"c8f8146da6d743f9968a1c25eefe64fa","signature":"_schema/ThesaurusConcept/ScopeNote"},
	{"flags":0,"id":"3b6a43ba331a41d3b4afa43553b7dc21","signature":"_schema/ThesaurusConcept/SimpleNonPreferredTerm"},
	{"flags":0,"id":"a6c7bad083924fc6b07bd32f4839225a","signature":"_schema/ThesaurusConcept/Thesaurus"},
	{"flags":0,"id":"203fbbae94174fdc8c8032a86ab9f69f","signature":"_schema/ThesaurusConcept/ThesaurusArray"},
	{"flags":0,"id":"1ba5341d12194b29bd391e6a67b16402","signature":"_schema/ThesaurusConcept/ThesaurusConcept"},
	{"flags":0,"id":"584601a6cbd14a0782e48324005a72f3","signature":"_schema/ThesaurusTerm"},
	{"flags":0,"id":"f03d19f008814de9b340c7f71b9922fa","signature":"_schema/ThesaurusTerm/CustomTermAttribute"},
	{"flags":0,"id":"fe4e6718180f4030bdab62cbaddf2d20","signature":"_schema/ThesaurusTerm/Definition"},
	{"flags":0,"id":"450b690ff88345c0b3cbda31c4b5f610","signature":"_schema/ThesaurusTerm/EditorialNote"},
	{"flags":0,"id":"9c53c1f5410c4850b047da4368768fa5","signature":"_schema/ThesaurusTerm/HistoryNote"},
	{"flags":0,"id":"4580be92af5c4da4b9eb3f2030350482","signature":"_schema/Time"},
	{"flags":0,"id":"6cf131a654dd44b98fe38d64001eb920","signature":"_schema/Title"},
	{"flags":0,"id":"66115951c06d426887f312055ff8c5f7","signature":"_schema/Tr"},
	{"flags":0,"id":"806bc099710a49769a7ef6997c135a71","signature":"_schema/Track"},
	{"flags":0,"id":"886b800e713142e68ea092f36b15f826","signature":"_schema/TypeLabel"},
	{"flags":0,"id":"85fe9e126ef444488e90cf9f99245dba","signature":"_schema/TypeLabel/CreativeWork"},
	{"flags":0,"id":"39d942af04e6414aac0233775ebbacc3","signature":"_schema/TypeLabel/Quotation"},
	{"flags":0,"id":"828604a5d56c4d5d915e42c96a01493b","signature":"_schema/U"},
	{"flags":0,"id":"fa0c2a613616423691a9e2769e110a5b","signature":"_schema/Ul"},
	{"flags":0,"id":"022581440c3d40bd89464e82132ed54e","signature":"_schema/User"},
	{"flags":0,"id":"4d3cde5f45c94e96afb338438bd898a7","signature":"_schema/User/Folder"},
	{"flags":0,"id":"5625a8dfd514408ab73ea1910cd5138e","signature":"_schema/User/Image"},
	{"flags":0,"id":"c15bb3e9d7894c738c6864b65acdf66c","signature":"_schema/Var"},
	{"flags":0,"id":"5dea88303d3942108aa02c0ac898ee02","signature":"_schema/VersionHistory"},
	{"flags":0,"id":"a09487afa07a4fb391199619e3b71908","signature":"_schema/VersionHistory/Thesaurus"},
	{"flags":0,"id":"849ee30b177b47d0a1793d9e03c8f8bb","signature":"_schema/Video"},
	{"flags":0,"id":"847945871f644c499ec0bc5b79904fe8","signature":"_schema/VideoFile"},
	{"flags":0,"id":"da64da9bbe2343ae92092510b0cbfa10","signature":"_schema/VideoFile/Image"},
	{"flags":0,"id":"bfcc399123ac4a0f93b6a479861637d0","signature":"_schema/VideoFile/VideoFile"},
	{"flags":0,"id":"d50a0f9c0fa84571ad50844c9e7eb575","signature":"_schema/VirtualProperty"},
	{"flags":0,"id":"97dd35eaee664918a9e03f31051340e1","signature":"_schema/VirtualProperty/VirtualType"},
	{"flags":0,"id":"0d107c9e058f4a9c97c298a6c7cd51e1","signature":"_schema/VirtualType"},
	{"flags":0,"id":"75d09c9124db4f04a535278041f47279","signature":"_schema/VirtualType/ODFExporter"},
	{"flags":0,"id":"143980abe10244eb9dd7e420cc7b66a6","signature":"_schema/VirtualType/VirtualProperty"},
	{"flags":0,"id":"6a0e5ebd76d143048be0726b6be01b98","signature":"_schema/Wbr"},
	{"flags":0,"id":"f61f72ac47174d92bac810ae2914bc77","signature":"_schema/Widget"},
	{"flags":0,"id":"f42e677d4f784e2e843e687a8f26cdbe","signature":"_schema/XMPPClient"},
	{"flags":0,"id":"216365ba711b4ea59cdbe4e1e407bbbe","signature":"_schema/XMPPClient/XMPPRequest"},
	{"flags":0,"id":"bcb02b483f2d4796a20c2254acbe50da","signature":"_schema/XMPPRequest"},
	{"flags":0,"id":"39b83db7577945078c0a5c96cce6645d","signature":"_schema/XMPPRequest/XMPPClient"}
]