{
  "/assets.startbootstrap.com": {
    "basicAuthRealm": null,
    "cacheForSeconds": null,
    "contentType": null,
    "enableBasicAuth": false,
    "grantees": [
      {
        "allowed": "accessControl,read,write,delete",
        "name": "admin"
      }
    ],
    "id": "8c684f35266740d2bbd1778b60e9ed76",
    "includeInFrontendExport": true,
    "owner": {
      "name": "admin"
    },
    "type": "Folder",
    "useAsJavascriptLibrary": false,
    "visibleToAuthenticatedUsers": false,
    "visibleToPublicUsers": false
  },
  "/assets.startbootstrap.com/agency.jpg": {
    "basicAuthRealm": null,
    "cacheForSeconds": null,
    "contentType": "image/jpeg",
    "dontCache": false,
    "enableBasicAuth": false,
    "grantees": [
      {
        "allowed": "accessControl,read,write,delete",
        "name": "admin"
      }
    ],
    "height": null,
    "id": "43059a14389741abb2aed578130d5b47",
    "includeInFrontendExport": true,
    "isImage": true,
    "isTemplate": false,
    "isThumbnail": false,
    "owner": {
      "name": "admin"
    },
    "type": "Image",
    "useAsJavascriptLibrary": false,
    "visibleToAuthenticatedUsers": false,
    "visibleToPublicUsers": false,
    "width": null
  },
  "/assets.startbootstrap.com/angular-bundle.jpg": {
    "basicAuthRealm": null,
    "cacheForSeconds": null,
    "contentType": "image/jpeg",
    "dontCache": false,
    "enableBasicAuth": false,
    "grantees": [
      {
        "allowed": "accessControl,read,write,delete",
        "name": "admin"
      }
    ],
    "height": null,
    "id": "5fafaf979466432abc92bd04e90e82d9",
    "includeInFrontendExport": true,
    "isImage": true,
    "isTemplate": false,
    "isThumbnail": false,
    "owner": {
      "name": "admin"
    },
    "type": "Image",
    "useAsJavascriptLibrary": false,
    "visibleToAuthenticatedUsers": false,
    "visibleToPublicUsers": false,
    "width": null
  },
  "/assets.startbootstrap.com/apple-touch-icon.png": {
    "basicAuthRealm": null,
    "cacheForSeconds": null,
    "contentType": "image/png",
    "dontCache": false,
    "enableBasicAuth": false,
    "grantees": [
      {
        "allowed": "accessControl,read,write,delete",
        "name": "admin"
      }
    ],
    "height": null,
    "id": "477ecc0a40f94baf9b74e2ef309ebe0d",
    "includeInFrontendExport": true,
    "isImage": true,
    "isTemplate": false,
    "isThumbnail": false,
    "owner": {
      "name": "admin"
    },
    "type": "Image",
    "useAsJavascriptLibrary": false,
    "visibleToAuthenticatedUsers": false,
    "visibleToPublicUsers": false,
    "width": null
  },
  "/assets.startbootstrap.com/bare.jpg": {
    "basicAuthRealm": null,
    "cacheForSeconds": null,
    "contentType": "image/jpeg",
    "dontCache": false,
    "enableBasicAuth": false,
    "grantees": [
      {
        "allowed": "accessControl,read,write,delete",
        "name": "admin"
      }
    ],
    "height": null,
    "id": "0dc7c13671ce4ee4a2e7e4cfedafc532",
    "includeInFrontendExport": true,
    "isImage": true,
    "isTemplate": false,
    "isThumbnail": false,
    "owner": {
      "name": "admin"
    },
    "type": "Image",
    "useAsJavascriptLibrary": false,
    "visibleToAuthenticatedUsers": false,
    "visibleToPublicUsers": false,
    "width": null
  },
  "/assets.startbootstrap.com/blog-home.jpg": {
    "basicAuthRealm": null,
    "cacheForSeconds": null,
    "contentType": "image/jpeg",
    "dontCache": false,
    "enableBasicAuth": false,
    "grantees": [
      {
        "allowed": "accessControl,read,write,delete",
        "name": "admin"
      }
    ],
    "height": null,
    "id": "a05cc56f261d4199b048d3b3dd2c803d",
    "includeInFrontendExport": true,
    "isImage": true,
    "isTemplate": false,
    "isThumbnail": false,
    "owner": {
      "name": "admin"
    },
    "type": "Image",
    "useAsJavascriptLibrary": false,
    "visibleToAuthenticatedUsers": false,
    "visibleToPublicUsers": false,
    "width": null
  },
  "/assets.startbootstrap.com/blog-post.jpg": {
    "basicAuthRealm": null,
    "cacheForSeconds": null,
    "contentType": "image/jpeg",
    "dontCache": false,
    "enableBasicAuth": false,
    "grantees": [
      {
        "allowed": "accessControl,read,write,delete",
        "name": "admin"
      }
    ],
    "height": null,
    "id": "0fae7fa0944b4db58b54f9113db693ad",
    "includeInFrontendExport": true,
    "isImage": true,
    "isTemplate": false,
    "isThumbnail": false,
    "owner": {
      "name": "admin"
    },
    "type": "Image",
    "useAsJavascriptLibrary": false,
    "visibleToAuthenticatedUsers": false,
    "visibleToPublicUsers": false,
    "width": null
  },
  "/assets.startbootstrap.com/business-casual.jpg": {
    "basicAuthRealm": null,
    "cacheForSeconds": null,
    "contentType": "image/jpeg",
    "dontCache": false,
    "enableBasicAuth": false,
    "grantees": [
      {
        "allowed": "accessControl,read,write,delete",
        "name": "admin"
      }
    ],
    "height": null,
    "id": "eb42d55d62f944b0ac10b618e0e73ebe",
    "includeInFrontendExport": true,
    "isImage": true,
    "isTemplate": false,
    "isThumbnail": false,
    "owner": {
      "name": "admin"
    },
    "type": "Image",
    "useAsJavascriptLibrary": false,
    "visibleToAuthenticatedUsers": false,
    "visibleToPublicUsers": false,
    "width": null
  },
  "/assets.startbootstrap.com/business-frontpage.jpg": {
    "basicAuthRealm": null,
    "cacheForSeconds": null,
    "contentType": "image/jpeg",
    "dontCache": false,
    "enableBasicAuth": false,
    "grantees": [
      {
        "allowed": "accessControl,read,write,delete",
        "name": "admin"
      }
    ],
    "height": null,
    "id": "a78abc3153f94ffb8b5bd5222fcb7cf8",
    "includeInFrontendExport": true,
    "isImage": true,
    "isTemplate": false,
    "isThumbnail": false,
    "owner": {
      "name": "admin"
    },
    "type": "Image",
    "useAsJavascriptLibrary": false,
    "visibleToAuthenticatedUsers": false,
    "visibleToPublicUsers": false,
    "width": null
  },
  "/assets.startbootstrap.com/clean-blog-angular.jpg": {
    "basicAuthRealm": null,
    "cacheForSeconds": null,
    "contentType": "image/jpeg",
    "dontCache": false,
    "enableBasicAuth": false,
    "grantees": [
      {
        "allowed": "accessControl,read,write,delete",
        "name": "admin"
      }
    ],
    "height": null,
    "id": "770c416e77eb4f9b8b7b250fbff80d11",
    "includeInFrontendExport": true,
    "isImage": true,
    "isTemplate": false,
    "isThumbnail": false,
    "owner": {
      "name": "admin"
    },
    "type": "Image",
    "useAsJavascriptLibrary": false,
    "visibleToAuthenticatedUsers": false,
    "visibleToPublicUsers": false,
    "width": null
  },
  "/assets.startbootstrap.com/clean-blog-jekyll.jpg": {
    "basicAuthRealm": null,
    "cacheForSeconds": null,
    "contentType": "image/jpeg",
    "dontCache": false,
    "enableBasicAuth": false,
    "grantees": [
      {
        "allowed": "accessControl,read,write,delete",
        "name": "admin"
      }
    ],
    "height": null,
    "id": "2072cd3f3ebf41eabc9062f9446486b4",
    "includeInFrontendExport": true,
    "isImage": true,
    "isTemplate": false,
    "isThumbnail": false,
    "owner": {
      "name": "admin"
    },
    "type": "Image",
    "useAsJavascriptLibrary": false,
    "visibleToAuthenticatedUsers": false,
    "visibleToPublicUsers": false,
    "width": null
  },
  "/assets.startbootstrap.com/clean-blog.jpg": {
    "basicAuthRealm": null,
    "cacheForSeconds": null,
    "contentType": "image/jpeg",
    "dontCache": false,
    "enableBasicAuth": false,
    "grantees": [
      {
        "allowed": "accessControl,read,write,delete",
        "name": "admin"
      }
    ],
    "height": null,
    "id": "5c361b36cc674bb3a343b96de7dfb282",
    "includeInFrontendExport": true,
    "isImage": true,
    "isTemplate": false,
    "isThumbnail": false,
    "owner": {
      "name": "admin"
    },
    "type": "Image",
    "useAsJavascriptLibrary": false,
    "visibleToAuthenticatedUsers": false,
    "visibleToPublicUsers": false,
    "width": null
  },
  "/assets.startbootstrap.com/coming-soon.jpg": {
    "basicAuthRealm": null,
    "cacheForSeconds": null,
    "contentType": "image/jpeg",
    "dontCache": false,
    "enableBasicAuth": false,
    "grantees": [
      {
        "allowed": "accessControl,read,write,delete",
        "name": "admin"
      }
    ],
    "height": null,
    "id": "bf8f3885f3094112b37106dbbcdf4815",
    "includeInFrontendExport": true,
    "isImage": true,
    "isTemplate": false,
    "isThumbnail": false,
    "owner": {
      "name": "admin"
    },
    "type": "Image",
    "useAsJavascriptLibrary": false,
    "visibleToAuthenticatedUsers": false,
    "visibleToPublicUsers": false,
    "width": null
  },
  "/assets.startbootstrap.com/creative.jpg": {
    "basicAuthRealm": null,
    "cacheForSeconds": null,
    "contentType": "image/jpeg",
    "dontCache": false,
    "enableBasicAuth": false,
    "grantees": [
      {
        "allowed": "accessControl,read,write,delete",
        "name": "admin"
      }
    ],
    "height": null,
    "id": "8b6f0b1f519d44d784657b221a635c0e",
    "includeInFrontendExport": true,
    "isImage": true,
    "isTemplate": false,
    "isThumbnail": false,
    "owner": {
      "name": "admin"
    },
    "type": "Image",
    "useAsJavascriptLibrary": false,
    "visibleToAuthenticatedUsers": false,
    "visibleToPublicUsers": false,
    "width": null
  },
  "/assets.startbootstrap.com/favicon-16x16.png": {
    "basicAuthRealm": null,
    "cacheForSeconds": null,
    "contentType": "image/png",
    "dontCache": false,
    "enableBasicAuth": false,
    "grantees": [
      {
        "allowed": "accessControl,read,write,delete",
        "name": "admin"
      }
    ],
    "height": null,
    "id": "f6563cedc97045d0b9d605300d9b2194",
    "includeInFrontendExport": true,
    "isImage": true,
    "isTemplate": false,
    "isThumbnail": false,
    "owner": {
      "name": "admin"
    },
    "type": "Image",
    "useAsJavascriptLibrary": false,
    "visibleToAuthenticatedUsers": false,
    "visibleToPublicUsers": false,
    "width": null
  },
  "/assets.startbootstrap.com/favicon-32x32.png": {
    "basicAuthRealm": null,
    "cacheForSeconds": null,
    "contentType": "image/png",
    "dontCache": false,
    "enableBasicAuth": false,
    "grantees": [
      {
        "allowed": "accessControl,read,write,delete",
        "name": "admin"
      }
    ],
    "height": null,
    "id": "db5652270eb943fcb4e4a84769d76ef3",
    "includeInFrontendExport": true,
    "isImage": true,
    "isTemplate": false,
    "isThumbnail": false,
    "owner": {
      "name": "admin"
    },
    "type": "Image",
    "useAsJavascriptLibrary": false,
    "visibleToAuthenticatedUsers": false,
    "visibleToPublicUsers": false,
    "width": null
  },
  "/assets.startbootstrap.com/freelancer.jpg": {
    "basicAuthRealm": null,
    "cacheForSeconds": null,
    "contentType": "image/jpeg",
    "dontCache": false,
    "enableBasicAuth": false,
    "grantees": [
      {
        "allowed": "accessControl,read,write,delete",
        "name": "admin"
      }
    ],
    "height": null,
    "id": "d849b8f89ac043ed8d20f073919a917a",
    "includeInFrontendExport": true,
    "isImage": true,
    "isTemplate": false,
    "isThumbnail": false,
    "owner": {
      "name": "admin"
    },
    "type": "Image",
    "useAsJavascriptLibrary": false,
    "visibleToAuthenticatedUsers": false,
    "visibleToPublicUsers": false,
    "width": null
  },
  "/assets.startbootstrap.com/full-width-pics.jpg": {
    "basicAuthRealm": null,
    "cacheForSeconds": null,
    "contentType": "image/jpeg",
    "dontCache": false,
    "enableBasicAuth": false,
    "grantees": [
      {
        "allowed": "accessControl,read,write,delete",
        "name": "admin"
      }
    ],
    "height": null,
    "id": "a237a4a52d3945549ea0db84da6cccee",
    "includeInFrontendExport": true,
    "isImage": true,
    "isTemplate": false,
    "isThumbnail": false,
    "owner": {
      "name": "admin"
    },
    "type": "Image",
    "useAsJavascriptLibrary": false,
    "visibleToAuthenticatedUsers": false,
    "visibleToPublicUsers": false,
    "width": null
  },
  "/assets.startbootstrap.com/grayscale.jpg": {
    "basicAuthRealm": null,
    "cacheForSeconds": null,
    "contentType": "image/jpeg",
    "dontCache": false,
    "enableBasicAuth": false,
    "grantees": [
      {
        "allowed": "accessControl,read,write,delete",
        "name": "admin"
      }
    ],
    "height": null,
    "id": "fd00112468da471ba4d46709f0e029a0",
    "includeInFrontendExport": true,
    "isImage": true,
    "isTemplate": false,
    "isThumbnail": false,
    "owner": {
      "name": "admin"
    },
    "type": "Image",
    "useAsJavascriptLibrary": false,
    "visibleToAuthenticatedUsers": false,
    "visibleToPublicUsers": false,
    "width": null
  },
  "/assets.startbootstrap.com/heroic-features.jpg": {
    "basicAuthRealm": null,
    "cacheForSeconds": null,
    "contentType": "image/jpeg",
    "dontCache": false,
    "enableBasicAuth": false,
    "grantees": [
      {
        "allowed": "accessControl,read,write,delete",
        "name": "admin"
      }
    ],
    "height": null,
    "id": "c109a82d2a3948a0829637a718806b07",
    "includeInFrontendExport": true,
    "isImage": true,
    "isTemplate": false,
    "isThumbnail": false,
    "owner": {
      "name": "admin"
    },
    "type": "Image",
    "useAsJavascriptLibrary": false,
    "visibleToAuthenticatedUsers": false,
    "visibleToPublicUsers": false,
    "width": null
  },
  "/assets.startbootstrap.com/html-bundle.jpg": {
    "basicAuthRealm": null,
    "cacheForSeconds": null,
    "contentType": "image/jpeg",
    "dontCache": false,
    "enableBasicAuth": false,
    "grantees": [
      {
        "allowed": "accessControl,read,write,delete",
        "name": "admin"
      }
    ],
    "height": null,
    "id": "14e64968ec8e49e1b9932873d2d3b0ca",
    "includeInFrontendExport": true,
    "isImage": true,
    "isTemplate": false,
    "isThumbnail": false,
    "owner": {
      "name": "admin"
    },
    "type": "Image",
    "useAsJavascriptLibrary": false,
    "visibleToAuthenticatedUsers": false,
    "visibleToPublicUsers": false,
    "width": null
  },
  "/assets.startbootstrap.com/landing-page.jpg": {
    "basicAuthRealm": null,
    "cacheForSeconds": null,
    "contentType": "image/jpeg",
    "dontCache": false,
    "enableBasicAuth": false,
    "grantees": [
      {
        "allowed": "accessControl,read,write,delete",
        "name": "admin"
      }
    ],
    "height": null,
    "id": "53668d5513f84314b1617fdf7b5d42d8",
    "includeInFrontendExport": true,
    "isImage": true,
    "isTemplate": false,
    "isThumbnail": false,
    "owner": {
      "name": "admin"
    },
    "type": "Image",
    "useAsJavascriptLibrary": false,
    "visibleToAuthenticatedUsers": false,
    "visibleToPublicUsers": false,
    "width": null
  },
  "/assets.startbootstrap.com/modern-business.jpg": {
    "basicAuthRealm": null,
    "cacheForSeconds": null,
    "contentType": "image/jpeg",
    "dontCache": false,
    "enableBasicAuth": false,
    "grantees": [
      {
        "allowed": "accessControl,read,write,delete",
        "name": "admin"
      }
    ],
    "height": null,
    "id": "a885504a3ca44c69bb2f7f5d770f0b4f",
    "includeInFrontendExport": true,
    "isImage": true,
    "isTemplate": false,
    "isThumbnail": false,
    "owner": {
      "name": "admin"
    },
    "type": "Image",
    "useAsJavascriptLibrary": false,
    "visibleToAuthenticatedUsers": false,
    "visibleToPublicUsers": false,
    "width": null
  },
  "/assets.startbootstrap.com/new-age.jpg": {
    "basicAuthRealm": null,
    "cacheForSeconds": null,
    "contentType": "image/jpeg",
    "dontCache": false,
    "enableBasicAuth": false,
    "grantees": [
      {
        "allowed": "accessControl,read,write,delete",
        "name": "admin"
      }
    ],
    "height": null,
    "id": "b92204e1091c4b3a8b06e1a6e6468c27",
    "includeInFrontendExport": true,
    "isImage": true,
    "isTemplate": false,
    "isThumbnail": false,
    "owner": {
      "name": "admin"
    },
    "type": "Image",
    "useAsJavascriptLibrary": false,
    "visibleToAuthenticatedUsers": false,
    "visibleToPublicUsers": false,
    "width": null
  },
  "/assets.startbootstrap.com/one-page-wonder.jpg": {
    "basicAuthRealm": null,
    "cacheForSeconds": null,
    "contentType": "image/jpeg",
    "dontCache": false,
    "enableBasicAuth": false,
    "grantees": [
      {
        "allowed": "accessControl,read,write,delete",
        "name": "admin"
      }
    ],
    "height": null,
    "id": "860b1010030d4ac3943ca108739ac9f9",
    "includeInFrontendExport": true,
    "isImage": true,
    "isTemplate": false,
    "isThumbnail": false,
    "owner": {
      "name": "admin"
    },
    "type": "Image",
    "useAsJavascriptLibrary": false,
    "visibleToAuthenticatedUsers": false,
    "visibleToPublicUsers": false,
    "width": null
  },
  "/assets.startbootstrap.com/resume.jpg": {
    "basicAuthRealm": null,
    "cacheForSeconds": null,
    "contentType": "image/jpeg",
    "dontCache": false,
    "enableBasicAuth": false,
    "grantees": [
      {
        "allowed": "accessControl,read,write,delete",
        "name": "admin"
      }
    ],
    "height": null,
    "id": "a1c10530a560498690bb589e884df9fb",
    "includeInFrontendExport": true,
    "isImage": true,
    "isTemplate": false,
    "isThumbnail": false,
    "owner": {
      "name": "admin"
    },
    "type": "Image",
    "useAsJavascriptLibrary": false,
    "visibleToAuthenticatedUsers": false,
    "visibleToPublicUsers": false,
    "width": null
  },
  "/assets.startbootstrap.com/safari-pinned-tab.svg": {
    "basicAuthRealm": null,
    "cacheForSeconds": null,
    "contentType": "image/svg+xml",
    "dontCache": false,
    "enableBasicAuth": false,
    "grantees": [
      {
        "allowed": "accessControl,read,write,delete",
        "name": "admin"
      }
    ],
    "height": null,
    "id": "4b0673b4d45f4800adbbf14b02a2ebf1",
    "includeInFrontendExport": true,
    "isImage": true,
    "isTemplate": false,
    "isThumbnail": false,
    "owner": {
      "name": "admin"
    },
    "type": "Image",
    "useAsJavascriptLibrary": false,
    "visibleToAuthenticatedUsers": false,
    "visibleToPublicUsers": false,
    "width": null
  },
  "/assets.startbootstrap.com/sb-admin-2.jpg": {
    "basicAuthRealm": null,
    "cacheForSeconds": null,
    "contentType": "image/jpeg",
    "dontCache": false,
    "enableBasicAuth": false,
    "grantees": [
      {
        "allowed": "accessControl,read,write,delete",
        "name": "admin"
      }
    ],
    "height": null,
    "id": "bf21e836a8b747d58179df8d34020238",
    "includeInFrontendExport": true,
    "isImage": true,
    "isTemplate": false,
    "isThumbnail": false,
    "owner": {
      "name": "admin"
    },
    "type": "Image",
    "useAsJavascriptLibrary": false,
    "visibleToAuthenticatedUsers": false,
    "visibleToPublicUsers": false,
    "width": null
  },
  "/assets.startbootstrap.com/sb-admin-angular.jpg": {
    "basicAuthRealm": null,
    "cacheForSeconds": null,
    "contentType": "image/jpeg",
    "dontCache": false,
    "enableBasicAuth": false,
    "grantees": [
      {
        "allowed": "accessControl,read,write,delete",
        "name": "admin"
      }
    ],
    "height": null,
    "id": "197b370378cd43e18e0a12c2f2f1dc70",
    "includeInFrontendExport": true,
    "isImage": true,
    "isTemplate": false,
    "isThumbnail": false,
    "owner": {
      "name": "admin"
    },
    "type": "Image",
    "useAsJavascriptLibrary": false,
    "visibleToAuthenticatedUsers": false,
    "visibleToPublicUsers": false,
    "width": null
  },
  "/assets.startbootstrap.com/sb-admin-pro-angular.jpg": {
    "basicAuthRealm": null,
    "cacheForSeconds": null,
    "contentType": "image/jpeg",
    "dontCache": false,
    "enableBasicAuth": false,
    "grantees": [
      {
        "allowed": "accessControl,read,write,delete",
        "name": "admin"
      }
    ],
    "height": null,
    "id": "c289e2bd7429422da4ad4f274cf414ee",
    "includeInFrontendExport": true,
    "isImage": true,
    "isTemplate": false,
    "isThumbnail": false,
    "owner": {
      "name": "admin"
    },
    "type": "Image",
    "useAsJavascriptLibrary": false,
    "visibleToAuthenticatedUsers": false,
    "visibleToPublicUsers": false,
    "width": null
  },
  "/assets.startbootstrap.com/sb-admin-pro.jpg": {
    "basicAuthRealm": null,
    "cacheForSeconds": null,
    "contentType": "image/jpeg",
    "dontCache": false,
    "enableBasicAuth": false,
    "grantees": [
      {
        "allowed": "accessControl,read,write,delete",
        "name": "admin"
      }
    ],
    "height": null,
    "id": "52a79301c5db44968feb48ee3f10b8d3",
    "includeInFrontendExport": true,
    "isImage": true,
    "isTemplate": false,
    "isThumbnail": false,
    "owner": {
      "name": "admin"
    },
    "type": "Image",
    "useAsJavascriptLibrary": false,
    "visibleToAuthenticatedUsers": false,
    "visibleToPublicUsers": false,
    "width": null
  },
  "/assets.startbootstrap.com/sb-admin.jpg": {
    "basicAuthRealm": null,
    "cacheForSeconds": null,
    "contentType": "image/jpeg",
    "dontCache": false,
    "enableBasicAuth": false,
    "grantees": [
      {
        "allowed": "accessControl,read,write,delete",
        "name": "admin"
      }
    ],
    "height": null,
    "id": "f3fce49fa0c84a0d93da5ef385202f54",
    "includeInFrontendExport": true,
    "isImage": true,
    "isTemplate": false,
    "isThumbnail": false,
    "owner": {
      "name": "admin"
    },
    "type": "Image",
    "useAsJavascriptLibrary": false,
    "visibleToAuthenticatedUsers": false,
    "visibleToPublicUsers": false,
    "width": null
  },
  "/assets.startbootstrap.com/sb-ui-kit-pro-angular.jpg": {
    "basicAuthRealm": null,
    "cacheForSeconds": null,
    "contentType": "image/jpeg",
    "dontCache": false,
    "enableBasicAuth": false,
    "grantees": [
      {
        "allowed": "accessControl,read,write,delete",
        "name": "admin"
      }
    ],
    "height": null,
    "id": "c2ff7218b08a45f081bcf378db6001f0",
    "includeInFrontendExport": true,
    "isImage": true,
    "isTemplate": false,
    "isThumbnail": false,
    "owner": {
      "name": "admin"
    },
    "type": "Image",
    "useAsJavascriptLibrary": false,
    "visibleToAuthenticatedUsers": false,
    "visibleToPublicUsers": false,
    "width": null
  },
  "/assets.startbootstrap.com/sb-ui-kit-pro-vue.jpg": {
    "basicAuthRealm": null,
    "cacheForSeconds": null,
    "contentType": "image/jpeg",
    "dontCache": false,
    "enableBasicAuth": false,
    "grantees": [
      {
        "allowed": "accessControl,read,write,delete",
        "name": "admin"
      }
    ],
    "height": null,
    "id": "42425cccadd74eddac914238fa7a4b1d",
    "includeInFrontendExport": true,
    "isImage": true,
    "isTemplate": false,
    "isThumbnail": false,
    "owner": {
      "name": "admin"
    },
    "type": "Image",
    "useAsJavascriptLibrary": false,
    "visibleToAuthenticatedUsers": false,
    "visibleToPublicUsers": false,
    "width": null
  },
  "/assets.startbootstrap.com/sb-ui-kit-pro.jpg": {
    "basicAuthRealm": null,
    "cacheForSeconds": null,
    "contentType": "image/jpeg",
    "dontCache": false,
    "enableBasicAuth": false,
    "grantees": [
      {
        "allowed": "accessControl,read,write,delete",
        "name": "admin"
      }
    ],
    "height": null,
    "id": "2d904e7d5121470f838d24a9bdf69f73",
    "includeInFrontendExport": true,
    "isImage": true,
    "isTemplate": false,
    "isThumbnail": false,
    "owner": {
      "name": "admin"
    },
    "type": "Image",
    "useAsJavascriptLibrary": false,
    "visibleToAuthenticatedUsers": false,
    "visibleToPublicUsers": false,
    "width": null
  },
  "/assets.startbootstrap.com/scrolling-nav.jpg": {
    "basicAuthRealm": null,
    "cacheForSeconds": null,
    "contentType": "image/jpeg",
    "dontCache": false,
    "enableBasicAuth": false,
    "grantees": [
      {
        "allowed": "accessControl,read,write,delete",
        "name": "admin"
      }
    ],
    "height": null,
    "id": "e5d1ca6a816a4569904f858081758fe8",
    "includeInFrontendExport": true,
    "isImage": true,
    "isTemplate": false,
    "isThumbnail": false,
    "owner": {
      "name": "admin"
    },
    "type": "Image",
    "useAsJavascriptLibrary": false,
    "visibleToAuthenticatedUsers": false,
    "visibleToPublicUsers": false,
    "width": null
  },
  "/assets.startbootstrap.com/shop-homepage.jpg": {
    "basicAuthRealm": null,
    "cacheForSeconds": null,
    "contentType": "image/jpeg",
    "dontCache": false,
    "enableBasicAuth": false,
    "grantees": [
      {
        "allowed": "accessControl,read,write,delete",
        "name": "admin"
      }
    ],
    "height": null,
    "id": "8a488e45be964eb9b098c2ee0e600a04",
    "includeInFrontendExport": true,
    "isImage": true,
    "isTemplate": false,
    "isThumbnail": false,
    "owner": {
      "name": "admin"
    },
    "type": "Image",
    "useAsJavascriptLibrary": false,
    "visibleToAuthenticatedUsers": false,
    "visibleToPublicUsers": false,
    "width": null
  },
  "/assets.startbootstrap.com/shop-item.jpg": {
    "basicAuthRealm": null,
    "cacheForSeconds": null,
    "contentType": "image/jpeg",
    "dontCache": false,
    "enableBasicAuth": false,
    "grantees": [
      {
        "allowed": "accessControl,read,write,delete",
        "name": "admin"
      }
    ],
    "height": null,
    "id": "a3be0872ea7546abb02e7f2528091a7b",
    "includeInFrontendExport": true,
    "isImage": true,
    "isTemplate": false,
    "isThumbnail": false,
    "owner": {
      "name": "admin"
    },
    "type": "Image",
    "useAsJavascriptLibrary": false,
    "visibleToAuthenticatedUsers": false,
    "visibleToPublicUsers": false,
    "width": null
  },
  "/assets.startbootstrap.com/simple-sidebar.jpg": {
    "basicAuthRealm": null,
    "cacheForSeconds": null,
    "contentType": "image/jpeg",
    "dontCache": false,
    "enableBasicAuth": false,
    "grantees": [
      {
        "allowed": "accessControl,read,write,delete",
        "name": "admin"
      }
    ],
    "height": null,
    "id": "56bd64d21f62432aa948d67c789215aa",
    "includeInFrontendExport": true,
    "isImage": true,
    "isTemplate": false,
    "isThumbnail": false,
    "owner": {
      "name": "admin"
    },
    "type": "Image",
    "useAsJavascriptLibrary": false,
    "visibleToAuthenticatedUsers": false,
    "visibleToPublicUsers": false,
    "width": null
  },
  "/assets.startbootstrap.com/small-business.jpg": {
    "basicAuthRealm": null,
    "cacheForSeconds": null,
    "contentType": "image/jpeg",
    "dontCache": false,
    "enableBasicAuth": false,
    "grantees": [
      {
        "allowed": "accessControl,read,write,delete",
        "name": "admin"
      }
    ],
    "height": null,
    "id": "37adea63d5054e0ca43b840015be7b5b",
    "includeInFrontendExport": true,
    "isImage": true,
    "isTemplate": false,
    "isThumbnail": false,
    "owner": {
      "name": "admin"
    },
    "type": "Image",
    "useAsJavascriptLibrary": false,
    "visibleToAuthenticatedUsers": false,
    "visibleToPublicUsers": false,
    "width": null
  },
  "/assets.startbootstrap.com/stylish-portfolio.jpg": {
    "basicAuthRealm": null,
    "cacheForSeconds": null,
    "contentType": "image/jpeg",
    "dontCache": false,
    "enableBasicAuth": false,
    "grantees": [
      {
        "allowed": "accessControl,read,write,delete",
        "name": "admin"
      }
    ],
    "height": null,
    "id": "2102393eec29416f83e9c480d4b92c89",
    "includeInFrontendExport": true,
    "isImage": true,
    "isTemplate": false,
    "isThumbnail": false,
    "owner": {
      "name": "admin"
    },
    "type": "Image",
    "useAsJavascriptLibrary": false,
    "visibleToAuthenticatedUsers": false,
    "visibleToPublicUsers": false,
    "width": null
  },
  "/assets.startbootstrap.com/the-big-picture.jpg": {
    "basicAuthRealm": null,
    "cacheForSeconds": null,
    "contentType": "image/jpeg",
    "dontCache": false,
    "enableBasicAuth": false,
    "grantees": [
      {
        "allowed": "accessControl,read,write,delete",
        "name": "admin"
      }
    ],
    "height": null,
    "id": "1efb92642b6d4ae9adce4569cb75c639",
    "includeInFrontendExport": true,
    "isImage": true,
    "isTemplate": false,
    "isThumbnail": false,
    "owner": {
      "name": "admin"
    },
    "type": "Image",
    "useAsJavascriptLibrary": false,
    "visibleToAuthenticatedUsers": false,
    "visibleToPublicUsers": false,
    "width": null
  },
  "/bootsnipp.com": {
    "basicAuthRealm": null,
    "cacheForSeconds": null,
    "contentType": null,
    "enableBasicAuth": false,
    "grantees": [
      {
        "allowed": "accessControl,read,write,delete",
        "name": "admin"
      }
    ],
    "id": "87a2dbf48f32455a85615475dcf948a9",
    "includeInFrontendExport": true,
    "owner": {
      "name": "admin"
    },
    "type": "Folder",
    "useAsJavascriptLibrary": false,
    "visibleToAuthenticatedUsers": false,
    "visibleToPublicUsers": false
  },
  "/bootsnipp.com/24627257d52c8515ecf2479b0420b761465fb8a4.jpg": {
    "basicAuthRealm": null,
    "cacheForSeconds": null,
    "contentType": "image/jpeg",
    "dontCache": false,
    "enableBasicAuth": false,
    "grantees": [
      {
        "allowed": "accessControl,read,write,delete",
        "name": "admin"
      }
    ],
    "height": null,
    "id": "6f3c69e18aaf4279bcd2e8cf2aa7f63f",
    "includeInFrontendExport": true,
    "isImage": true,
    "isTemplate": false,
    "isThumbnail": false,
    "owner": {
      "name": "admin"
    },
    "type": "Image",
    "useAsJavascriptLibrary": false,
    "visibleToAuthenticatedUsers": true,
    "visibleToPublicUsers": true,
    "width": null
  },
  "/bootsnipp.com/feed.rss": {
    "basicAuthRealm": null,
    "cacheForSeconds": null,
    "contentType": "application/rss+xml",
    "dontCache": false,
    "enableBasicAuth": false,
    "grantees": [
      {
        "allowed": "accessControl,read,write,delete",
        "name": "admin"
      }
    ],
    "id": "d6f3a8fe027a410ba33f91abe0227196",
    "includeInFrontendExport": true,
    "isTemplate": false,
    "owner": {
      "name": "admin"
    },
    "type": "File",
    "useAsJavascriptLibrary": false,
    "visibleToAuthenticatedUsers": true,
    "visibleToPublicUsers": true
  },
  "/cdnjs.cloudflare.com": {
    "basicAuthRealm": null,
    "cacheForSeconds": null,
    "contentType": null,
    "enableBasicAuth": false,
    "grantees": [
      {
        "allowed": "accessControl,read,write,delete",
        "name": "admin"
      }
    ],
    "id": "afc6717760e24e87b5296fe496017f65",
    "includeInFrontendExport": true,
    "owner": {
      "name": "admin"
    },
    "type": "Folder",
    "useAsJavascriptLibrary": false,
    "visibleToAuthenticatedUsers": false,
    "visibleToPublicUsers": false
  },
  "/cdnjs.cloudflare.com/ace.js": {
    "basicAuthRealm": null,
    "cacheForSeconds": null,
    "contentType": "application/javascript",
    "dontCache": false,
    "enableBasicAuth": false,
    "grantees": [
      {
        "allowed": "accessControl,read,write,delete",
        "name": "admin"
      }
    ],
    "id": "f6f82d6251924987ba79f660a809d045",
    "includeInFrontendExport": true,
    "isTemplate": false,
    "owner": {
      "name": "admin"
    },
    "type": "File",
    "useAsJavascriptLibrary": false,
    "visibleToAuthenticatedUsers": true,
    "visibleToPublicUsers": true
  },
  "/cdnjs.cloudflare.com/default.min.css": {
    "basicAuthRealm": null,
    "cacheForSeconds": null,
    "contentType": "text/css",
    "dontCache": false,
    "enableBasicAuth": false,
    "grantees": [
      {
        "allowed": "accessControl,read,write,delete",
        "name": "admin"
      }
    ],
    "id": "4420ee17d9ac40829b3ea08d4b20ec6d",
    "includeInFrontendExport": true,
    "isTemplate": false,
    "owner": {
      "name": "admin"
    },
    "type": "File",
    "useAsJavascriptLibrary": false,
    "visibleToAuthenticatedUsers": true,
    "visibleToPublicUsers": true
  },
  "/cdnjs.cloudflare.com/highlight.min.js": {
    "basicAuthRealm": null,
    "cacheForSeconds": null,
    "contentType": "application/javascript",
    "dontCache": false,
    "enableBasicAuth": false,
    "grantees": [
      {
        "allowed": "accessControl,read,write,delete",
        "name": "admin"
      }
    ],
    "id": "d8c6659df83c44ad9f1cc1622ec9b4dd",
    "includeInFrontendExport": true,
    "isTemplate": false,
    "owner": {
      "name": "admin"
    },
    "type": "File",
    "useAsJavascriptLibrary": false,
    "visibleToAuthenticatedUsers": true,
    "visibleToPublicUsers": true
  },
  "/code.jquery.com": {
    "basicAuthRealm": null,
    "cacheForSeconds": null,
    "contentType": null,
    "enableBasicAuth": false,
    "grantees": [
      {
        "allowed": "accessControl,read,write,delete",
        "name": "admin"
      }
    ],
    "id": "30cd0c1ac7534b26b68f60ef77fe9922",
    "includeInFrontendExport": true,
    "owner": {
      "name": "admin"
    },
    "type": "Folder",
    "useAsJavascriptLibrary": false,
    "visibleToAuthenticatedUsers": false,
    "visibleToPublicUsers": false
  },
  "/code.jquery.com/jquery-1.11.0.min.js": {
    "basicAuthRealm": null,
    "cacheForSeconds": null,
    "contentType": "application/javascript",
    "dontCache": false,
    "enableBasicAuth": false,
    "grantees": [
      {
        "allowed": "accessControl,read,write,delete",
        "name": "admin"
      }
    ],
    "id": "ed63e4cc862f4ca79c5ae0aaf8c7d229",
    "includeInFrontendExport": true,
    "isTemplate": false,
    "owner": {
      "name": "admin"
    },
    "type": "File",
    "useAsJavascriptLibrary": false,
    "visibleToAuthenticatedUsers": true,
    "visibleToPublicUsers": true
  },
  "/code.jquery.com/jquery-3.2.1.slim.min.js": {
    "basicAuthRealm": null,
    "cacheForSeconds": null,
    "contentType": "application/javascript",
    "dontCache": false,
    "enableBasicAuth": false,
    "grantees": [
      {
        "allowed": "accessControl,read,write,delete",
        "name": "admin"
      }
    ],
    "id": "65aed2658e0747b1bf382b7afaf74330",
    "includeInFrontendExport": true,
    "isTemplate": false,
    "owner": {
      "name": "admin"
    },
    "type": "File",
    "useAsJavascriptLibrary": false,
    "visibleToAuthenticatedUsers": true,
    "visibleToPublicUsers": true
  },
  "/css": {
    "basicAuthRealm": null,
    "cacheForSeconds": null,
    "contentType": null,
    "enableBasicAuth": false,
    "grantees": [
      {
        "allowed": "accessControl,read,write,delete",
        "name": "admin"
      }
    ],
    "id": "bc6720a166bf4f489bbc65e1c21e49ba",
    "includeInFrontendExport": true,
    "owner": {
      "name": "admin"
    },
    "type": "Folder",
    "useAsJavascriptLibrary": false,
    "visibleToAuthenticatedUsers": false,
    "visibleToPublicUsers": false
  },
  "/css/blog-home.css": {
    "basicAuthRealm": null,
    "cacheForSeconds": null,
    "contentType": "text/css",
    "dontCache": false,
    "enableBasicAuth": false,
    "grantees": [
      {
        "allowed": "accessControl,read,write,delete",
        "name": "admin"
      }
    ],
    "id": "b70bca649dba47569a3b6d07f73b2cfd",
    "includeInFrontendExport": true,
    "isTemplate": false,
    "owner": {
      "name": "admin"
    },
    "type": "File",
    "useAsJavascriptLibrary": false,
    "visibleToAuthenticatedUsers": true,
    "visibleToPublicUsers": true
  },
  "/css/blog-post.css": {
    "basicAuthRealm": null,
    "cacheForSeconds": null,
    "contentType": "text/css",
    "dontCache": false,
    "enableBasicAuth": false,
    "grantees": [
      {
        "allowed": "accessControl,read,write,delete",
        "name": "admin"
      }
    ],
    "id": "904a54e487704f76936a8be7193922b8",
    "includeInFrontendExport": true,
    "isTemplate": false,
    "owner": {
      "name": "admin"
    },
    "type": "File",
    "useAsJavascriptLibrary": false,
    "visibleToAuthenticatedUsers": true,
    "visibleToPublicUsers": true
  },
  "/d2d3qesrx8xj6s.cloudfront.net": {
    "basicAuthRealm": null,
    "cacheForSeconds": null,
    "contentType": null,
    "enableBasicAuth": false,
    "grantees": [
      {
        "allowed": "accessControl,read,write,delete",
        "name": "admin"
      }
    ],
    "id": "437ee311137542319f389113fb2d7b00",
    "includeInFrontendExport": true,
    "owner": {
      "name": "admin"
    },
    "type": "Folder",
    "useAsJavascriptLibrary": false,
    "visibleToAuthenticatedUsers": false,
    "visibleToPublicUsers": false
  },
  "/d2d3qesrx8xj6s.cloudfront.net/apple-touch-icon-114x114-precomposed.png": {
    "basicAuthRealm": null,
    "cacheForSeconds": null,
    "contentType": "image/png",
    "dontCache": false,
    "enableBasicAuth": false,
    "grantees": [
      {
        "allowed": "accessControl,read,write,delete",
        "name": "admin"
      }
    ],
    "height": null,
    "id": "8e1821a4db1941918d361d4b35e0c0a1",
    "includeInFrontendExport": true,
    "isImage": true,
    "isTemplate": false,
    "isThumbnail": false,
    "owner": {
      "name": "admin"
    },
    "type": "Image",
    "useAsJavascriptLibrary": false,
    "visibleToAuthenticatedUsers": true,
    "visibleToPublicUsers": true,
    "width": null
  },
  "/d2d3qesrx8xj6s.cloudfront.net/apple-touch-icon-144x144-precomposed.png": {
    "basicAuthRealm": null,
    "cacheForSeconds": null,
    "contentType": "image/png",
    "dontCache": false,
    "enableBasicAuth": false,
    "grantees": [
      {
        "allowed": "accessControl,read,write,delete",
        "name": "admin"
      }
    ],
    "height": null,
    "id": "ed912fab5a4c4e6c87c5ea7efcfe20bf",
    "includeInFrontendExport": true,
    "isImage": true,
    "isTemplate": false,
    "isThumbnail": false,
    "owner": {
      "name": "admin"
    },
    "type": "Image",
    "useAsJavascriptLibrary": false,
    "visibleToAuthenticatedUsers": true,
    "visibleToPublicUsers": true,
    "width": null
  },
  "/d2d3qesrx8xj6s.cloudfront.net/apple-touch-icon-72x72-precomposed.png": {
    "basicAuthRealm": null,
    "cacheForSeconds": null,
    "contentType": "image/png",
    "dontCache": false,
    "enableBasicAuth": false,
    "grantees": [
      {
        "allowed": "accessControl,read,write,delete",
        "name": "admin"
      }
    ],
    "height": null,
    "id": "ed13d9f3ced44ae9b52b8c667528d68f",
    "includeInFrontendExport": true,
    "isImage": true,
    "isTemplate": false,
    "isThumbnail": false,
    "owner": {
      "name": "admin"
    },
    "type": "Image",
    "useAsJavascriptLibrary": false,
    "visibleToAuthenticatedUsers": true,
    "visibleToPublicUsers": true,
    "width": null
  },
  "/d2d3qesrx8xj6s.cloudfront.net/apple-touch-icon-precomposed.png": {
    "basicAuthRealm": null,
    "cacheForSeconds": null,
    "contentType": "image/png",
    "dontCache": false,
    "enableBasicAuth": false,
    "grantees": [
      {
        "allowed": "accessControl,read,write,delete",
        "name": "admin"
      }
    ],
    "height": null,
    "id": "cd601a65cf794353b84b503c257a69bd",
    "includeInFrontendExport": true,
    "isImage": true,
    "isTemplate": false,
    "isThumbnail": false,
    "owner": {
      "name": "admin"
    },
    "type": "Image",
    "useAsJavascriptLibrary": false,
    "visibleToAuthenticatedUsers": true,
    "visibleToPublicUsers": true,
    "width": null
  },
  "/d2d3qesrx8xj6s.cloudfront.net/favicon.ico": {
    "basicAuthRealm": null,
    "cacheForSeconds": null,
    "contentType": "image/x-icon",
    "dontCache": false,
    "enableBasicAuth": false,
    "grantees": [
      {
        "allowed": "accessControl,read,write,delete",
        "name": "admin"
      }
    ],
    "height": null,
    "id": "9f7f80b8b34d41c2ab494b2b6b1f3096",
    "includeInFrontendExport": true,
    "isImage": true,
    "isTemplate": false,
    "isThumbnail": false,
    "owner": {
      "name": "admin"
    },
    "type": "Image",
    "useAsJavascriptLibrary": false,
    "visibleToAuthenticatedUsers": true,
    "visibleToPublicUsers": true,
    "width": null
  },
  "/dist": {
    "basicAuthRealm": null,
    "cacheForSeconds": null,
    "contentType": null,
    "enableBasicAuth": false,
    "grantees": [
      {
        "allowed": "accessControl,read,write,delete",
        "name": "admin"
      }
    ],
    "id": "6558c470c7a84c6993281ba60ba949f4",
    "includeInFrontendExport": true,
    "owner": {
      "name": "admin"
    },
    "type": "Folder",
    "useAsJavascriptLibrary": false,
    "visibleToAuthenticatedUsers": false,
    "visibleToPublicUsers": false
  },
  "/dist/bootsnipp.min.css": {
    "basicAuthRealm": null,
    "cacheForSeconds": null,
    "contentType": "text/css",
    "dontCache": false,
    "enableBasicAuth": false,
    "grantees": [
      {
        "allowed": "accessControl,read,write,delete",
        "name": "admin"
      }
    ],
    "id": "5cf3cc05b9ca41759a3837cb8ed20b79",
    "includeInFrontendExport": true,
    "isTemplate": false,
    "owner": {
      "name": "admin"
    },
    "type": "File",
    "useAsJavascriptLibrary": false,
    "visibleToAuthenticatedUsers": true,
    "visibleToPublicUsers": true
  },
  "/dist/css": {
    "basicAuthRealm": null,
    "cacheForSeconds": null,
    "contentType": null,
    "enableBasicAuth": false,
    "grantees": [
      {
        "allowed": "accessControl,read,write,delete",
        "name": "admin"
      }
    ],
    "id": "0e4f9aa45c984f87b8c5c4c08c0aa4dd",
    "includeInFrontendExport": true,
    "owner": {
      "name": "admin"
    },
    "type": "Folder",
    "useAsJavascriptLibrary": false,
    "visibleToAuthenticatedUsers": false,
    "visibleToPublicUsers": false
  },
  "/dist/css/bootstrap.min.css": {
    "basicAuthRealm": null,
    "cacheForSeconds": null,
    "contentType": "text/css",
    "dontCache": false,
    "enableBasicAuth": false,
    "grantees": [
      {
        "allowed": "accessControl,read,write,delete",
        "name": "admin"
      }
    ],
    "id": "ee7c561c5cb046b58ea7828eb047f59e",
    "includeInFrontendExport": true,
    "isTemplate": false,
    "owner": {
      "name": "admin"
    },
    "type": "File",
    "useAsJavascriptLibrary": false,
    "visibleToAuthenticatedUsers": true,
    "visibleToPublicUsers": true
  },
  "/dist/img": {
    "basicAuthRealm": null,
    "cacheForSeconds": null,
    "contentType": null,
    "enableBasicAuth": false,
    "grantees": [
      {
        "allowed": "accessControl,read,write,delete",
        "name": "admin"
      }
    ],
    "id": "042e0a87d1204ae9a4c9462e4e08fbd5",
    "includeInFrontendExport": true,
    "owner": {
      "name": "admin"
    },
    "type": "Folder",
    "useAsJavascriptLibrary": false,
    "visibleToAuthenticatedUsers": false,
    "visibleToPublicUsers": false
  },
  "/dist/img/header-bg.jpg": {
    "basicAuthRealm": null,
    "cacheForSeconds": null,
    "contentType": "image/jpeg",
    "dontCache": false,
    "enableBasicAuth": false,
    "grantees": [
      {
        "allowed": "accessControl,read,write,delete",
        "name": "admin"
      }
    ],
    "height": null,
    "id": "9caed763f8134a7798214fc532fd2106",
    "includeInFrontendExport": true,
    "isImage": true,
    "isTemplate": false,
    "isThumbnail": false,
    "owner": {
      "name": "admin"
    },
    "type": "Image",
    "useAsJavascriptLibrary": false,
    "visibleToAuthenticatedUsers": true,
    "visibleToPublicUsers": true,
    "width": null
  },
  "/dist/js": {
    "basicAuthRealm": null,
    "cacheForSeconds": null,
    "contentType": null,
    "enableBasicAuth": false,
    "grantees": [
      {
        "allowed": "accessControl,read,write,delete",
        "name": "admin"
      }
    ],
    "id": "a1df691e9e704375bf44b970bcaab444",
    "includeInFrontendExport": true,
    "owner": {
      "name": "admin"
    },
    "type": "Folder",
    "useAsJavascriptLibrary": false,
    "visibleToAuthenticatedUsers": false,
    "visibleToPublicUsers": false
  },
  "/dist/js/bootstrap.min.js": {
    "basicAuthRealm": null,
    "cacheForSeconds": null,
    "contentType": "application/javascript",
    "dontCache": false,
    "enableBasicAuth": false,
    "grantees": [
      {
        "allowed": "accessControl,read,write,delete",
        "name": "admin"
      }
    ],
    "id": "e2c4debc9dbc46c8957a660bde76c92f",
    "includeInFrontendExport": true,
    "isTemplate": false,
    "owner": {
      "name": "admin"
    },
    "type": "File",
    "useAsJavascriptLibrary": false,
    "visibleToAuthenticatedUsers": true,
    "visibleToPublicUsers": true
  },
  "/dist/scripts.min.js": {
    "basicAuthRealm": null,
    "cacheForSeconds": null,
    "contentType": "application/javascript",
    "dontCache": false,
    "enableBasicAuth": false,
    "grantees": [
      {
        "allowed": "accessControl,read,write,delete",
        "name": "admin"
      }
    ],
    "id": "1197045eea474dd68133b103df48c22f",
    "includeInFrontendExport": true,
    "isTemplate": false,
    "owner": {
      "name": "admin"
    },
    "type": "File",
    "useAsJavascriptLibrary": false,
    "visibleToAuthenticatedUsers": true,
    "visibleToPublicUsers": true
  },
  "/favicon.png": {
    "basicAuthRealm": null,
    "cacheForSeconds": null,
    "contentType": "image/png",
    "dontCache": false,
    "enableBasicAuth": false,
    "grantees": [
      {
        "allowed": "accessControl,read,write,delete",
        "name": "admin"
      }
    ],
    "height": null,
    "id": "b51f698d19ab444d936b330077676e0f",
    "includeInFrontendExport": true,
    "isImage": true,
    "isTemplate": false,
    "isThumbnail": false,
    "owner": {
      "name": "admin"
    },
    "type": "Image",
    "useAsJavascriptLibrary": false,
    "visibleToAuthenticatedUsers": false,
    "visibleToPublicUsers": false,
    "width": null
  },
  "/font": {
    "basicAuthRealm": null,
    "cacheForSeconds": null,
    "contentType": null,
    "enableBasicAuth": false,
    "grantees": [
      {
        "allowed": "accessControl,read,write,delete",
        "name": "admin"
      }
    ],
    "id": "1eded65aabe3482484679333fa7681b8",
    "includeInFrontendExport": true,
    "owner": {
      "name": "admin"
    },
    "type": "Folder",
    "useAsJavascriptLibrary": false,
    "visibleToAuthenticatedUsers": false,
    "visibleToPublicUsers": false
  },
  "/font/fontawesome-webfont.eot": {
    "basicAuthRealm": null,
    "cacheForSeconds": null,
    "contentType": "application/vnd.ms-fontobject",
    "dontCache": false,
    "enableBasicAuth": false,
    "grantees": [
      {
        "allowed": "accessControl,read,write,delete",
        "name": "admin"
      }
    ],
    "id": "143ee6bb53aa4faea1ed6514976517ec",
    "includeInFrontendExport": true,
    "isTemplate": false,
    "owner": {
      "name": "admin"
    },
    "type": "File",
    "useAsJavascriptLibrary": false,
    "visibleToAuthenticatedUsers": true,
    "visibleToPublicUsers": true
  },
  "/font/fontawesome-webfont.svg": {
    "basicAuthRealm": null,
    "cacheForSeconds": null,
    "contentType": "image/svg+xml",
    "dontCache": false,
    "enableBasicAuth": false,
    "grantees": [
      {
        "allowed": "accessControl,read,write,delete",
        "name": "admin"
      }
    ],
    "height": null,
    "id": "b8fec07f3d47405baae424d4202715e8",
    "includeInFrontendExport": true,
    "isImage": true,
    "isTemplate": false,
    "isThumbnail": false,
    "owner": {
      "name": "admin"
    },
    "type": "Image",
    "useAsJavascriptLibrary": false,
    "visibleToAuthenticatedUsers": true,
    "visibleToPublicUsers": true,
    "width": null
  },
  "/font/fontawesome-webfont.ttf": {
    "basicAuthRealm": null,
    "cacheForSeconds": null,
    "contentType": "application/x-font-ttf",
    "dontCache": false,
    "enableBasicAuth": false,
    "grantees": [
      {
        "allowed": "accessControl,read,write,delete",
        "name": "admin"
      }
    ],
    "id": "bcf532dfe5644713bb6ece2ec38e4c94",
    "includeInFrontendExport": true,
    "isTemplate": false,
    "owner": {
      "name": "admin"
    },
    "type": "File",
    "useAsJavascriptLibrary": false,
    "visibleToAuthenticatedUsers": true,
    "visibleToPublicUsers": true
  },
  "/font/fontawesome-webfont.woff": {
    "basicAuthRealm": null,
    "cacheForSeconds": null,
    "contentType": "application/font-woff",
    "dontCache": false,
    "enableBasicAuth": false,
    "grantees": [
      {
        "allowed": "accessControl,read,write,delete",
        "name": "admin"
      }
    ],
    "id": "1b840ef0b95d45308e12b4ecababb620",
    "includeInFrontendExport": true,
    "isTemplate": false,
    "owner": {
      "name": "admin"
    },
    "type": "File",
    "useAsJavascriptLibrary": false,
    "visibleToAuthenticatedUsers": true,
    "visibleToPublicUsers": true
  },
  "/fonts": {
    "basicAuthRealm": null,
    "cacheForSeconds": null,
    "contentType": null,
    "enableBasicAuth": false,
    "grantees": [
      {
        "allowed": "accessControl,read,write,delete",
        "name": "admin"
      }
    ],
    "id": "15824326e3f14cc6b26be7f848e34d04",
    "includeInFrontendExport": true,
    "owner": {
      "name": "admin"
    },
    "type": "Folder",
    "useAsJavascriptLibrary": false,
    "visibleToAuthenticatedUsers": false,
    "visibleToPublicUsers": false
  },
  "/fonts.gstatic.com": {
    "basicAuthRealm": null,
    "cacheForSeconds": null,
    "contentType": null,
    "enableBasicAuth": false,
    "grantees": [
      {
        "allowed": "accessControl,read,write,delete",
        "name": "admin"
      }
    ],
    "id": "7ef20c63c7ed4c91b6ca993a3d4c9e10",
    "includeInFrontendExport": true,
    "owner": {
      "name": "admin"
    },
    "type": "Folder",
    "useAsJavascriptLibrary": false,
    "visibleToAuthenticatedUsers": false,
    "visibleToPublicUsers": false
  },
  "/fonts.gstatic.com/Hgo13k-tfSpn0qi1SFdUfaCWcynf_cDxXwCLxiixG1c.ttf": {
    "basicAuthRealm": null,
    "cacheForSeconds": null,
    "contentType": "application/x-font-ttf",
    "dontCache": false,
    "enableBasicAuth": false,
    "grantees": [
      {
        "allowed": "accessControl,read,write,delete",
        "name": "admin"
      }
    ],
    "id": "e0980a8822b444bf8931643ec0a280db",
    "includeInFrontendExport": true,
    "isTemplate": false,
    "owner": {
      "name": "admin"
    },
    "type": "File",
    "useAsJavascriptLibrary": false,
    "visibleToAuthenticatedUsers": true,
    "visibleToPublicUsers": true
  },
  "/fonts.gstatic.com/Jzo62I39jc0gQRrbndN6nfesZW2xOQ-xsNqO47m55DA.ttf": {
    "basicAuthRealm": null,
    "cacheForSeconds": null,
    "contentType": "application/x-font-ttf",
    "dontCache": false,
    "enableBasicAuth": false,
    "grantees": [
      {
        "allowed": "accessControl,read,write,delete",
        "name": "admin"
      }
    ],
    "id": "0def49120e7b4857a3349b5a99e70f7f",
    "includeInFrontendExport": true,
    "isTemplate": false,
    "owner": {
      "name": "admin"
    },
    "type": "File",
    "useAsJavascriptLibrary": false,
    "visibleToAuthenticatedUsers": true,
    "visibleToPublicUsers": true
  },
  "/fonts.gstatic.com/RxZJdnzeo3R5zSexge8UUaCWcynf_cDxXwCLxiixG1c.ttf": {
    "basicAuthRealm": null,
    "cacheForSeconds": null,
    "contentType": "application/x-font-ttf",
    "dontCache": false,
    "enableBasicAuth": false,
    "grantees": [
      {
        "allowed": "accessControl,read,write,delete",
        "name": "admin"
      }
    ],
    "id": "dcaa312bc8d84a4c8536779d154a9a0f",
    "includeInFrontendExport": true,
    "isTemplate": false,
    "owner": {
      "name": "admin"
    },
    "type": "File",
    "useAsJavascriptLibrary": false,
    "visibleToAuthenticatedUsers": true,
    "visibleToPublicUsers": true
  },
  "/fonts.gstatic.com/d-6IYplOFocCacKzxwXSOKCWcynf_cDxXwCLxiixG1c.ttf": {
    "basicAuthRealm": null,
    "cacheForSeconds": null,
    "contentType": "application/x-font-ttf",
    "dontCache": false,
    "enableBasicAuth": false,
    "grantees": [
      {
        "allowed": "accessControl,read,write,delete",
        "name": "admin"
      }
    ],
    "id": "de29c851b6fd4f37932ed3fe16d6f051",
    "includeInFrontendExport": true,
    "isTemplate": false,
    "owner": {
      "name": "admin"
    },
    "type": "File",
    "useAsJavascriptLibrary": false,
    "visibleToAuthenticatedUsers": true,
    "visibleToPublicUsers": true
  },
  "/fonts.gstatic.com/mnpfi9pxYH-Go5UiibESIqCWcynf_cDxXwCLxiixG1c.ttf": {
    "basicAuthRealm": null,
    "cacheForSeconds": null,
    "contentType": "application/x-font-ttf",
    "dontCache": false,
    "enableBasicAuth": false,
    "grantees": [
      {
        "allowed": "accessControl,read,write,delete",
        "name": "admin"
      }
    ],
    "id": "4b0befa881d542c38ff21cda2e04713a",
    "includeInFrontendExport": true,
    "isTemplate": false,
    "owner": {
      "name": "admin"
    },
    "type": "File",
    "useAsJavascriptLibrary": false,
    "visibleToAuthenticatedUsers": true,
    "visibleToPublicUsers": true
  },
  "/fonts.gstatic.com/zN7GBFwfMP4uA6AR0HCoLQ.ttf": {
    "basicAuthRealm": null,
    "cacheForSeconds": null,
    "contentType": "application/x-font-ttf",
    "dontCache": false,
    "enableBasicAuth": false,
    "grantees": [
      {
        "allowed": "accessControl,read,write,delete",
        "name": "admin"
      }
    ],
    "id": "33ee72d1d2a44aa7805eda2bd2805d1a",
    "includeInFrontendExport": true,
    "isTemplate": false,
    "owner": {
      "name": "admin"
    },
    "type": "File",
    "useAsJavascriptLibrary": false,
    "visibleToAuthenticatedUsers": true,
    "visibleToPublicUsers": true
  },
  "/fonts/glyphicons-halflings-regular.eot": {
    "basicAuthRealm": null,
    "cacheForSeconds": null,
    "contentType": "application/vnd.ms-fontobject",
    "dontCache": false,
    "enableBasicAuth": false,
    "grantees": [
      {
        "allowed": "accessControl,read,write,delete",
        "name": "admin"
      }
    ],
    "id": "db3e0424bbce4a789b538442b1930ea7",
    "includeInFrontendExport": true,
    "isTemplate": false,
    "owner": {
      "name": "admin"
    },
    "type": "File",
    "useAsJavascriptLibrary": false,
    "visibleToAuthenticatedUsers": true,
    "visibleToPublicUsers": true
  },
  "/fonts/glyphicons-halflings-regular.svg": {
    "basicAuthRealm": null,
    "cacheForSeconds": null,
    "contentType": "image/svg+xml",
    "dontCache": false,
    "enableBasicAuth": false,
    "grantees": [
      {
        "allowed": "accessControl,read,write,delete",
        "name": "admin"
      }
    ],
    "height": null,
    "id": "05758e83f02f44528d34aac3092b71a9",
    "includeInFrontendExport": true,
    "isImage": true,
    "isTemplate": false,
    "isThumbnail": false,
    "owner": {
      "name": "admin"
    },
    "type": "Image",
    "useAsJavascriptLibrary": false,
    "visibleToAuthenticatedUsers": true,
    "visibleToPublicUsers": true,
    "width": null
  },
  "/fonts/glyphicons-halflings-regular.ttf": {
    "basicAuthRealm": null,
    "cacheForSeconds": null,
    "contentType": "application/x-font-ttf",
    "dontCache": false,
    "enableBasicAuth": false,
    "grantees": [
      {
        "allowed": "accessControl,read,write,delete",
        "name": "admin"
      }
    ],
    "id": "342725cbbbd14a1a96a26e3569ad5bcd",
    "includeInFrontendExport": true,
    "isTemplate": false,
    "owner": {
      "name": "admin"
    },
    "type": "File",
    "useAsJavascriptLibrary": false,
    "visibleToAuthenticatedUsers": true,
    "visibleToPublicUsers": true
  },
  "/fonts/glyphicons-halflings-regular.woff": {
    "basicAuthRealm": null,
    "cacheForSeconds": null,
    "contentType": "application/font-woff",
    "dontCache": false,
    "enableBasicAuth": false,
    "grantees": [
      {
        "allowed": "accessControl,read,write,delete",
        "name": "admin"
      }
    ],
    "id": "80989e5547294765a3e9e2440e359a03",
    "includeInFrontendExport": true,
    "isTemplate": false,
    "owner": {
      "name": "admin"
    },
    "type": "File",
    "useAsJavascriptLibrary": false,
    "visibleToAuthenticatedUsers": true,
    "visibleToPublicUsers": true
  },
  "/fonts/glyphicons-halflings-regular.woff2": {
    "basicAuthRealm": null,
    "cacheForSeconds": null,
    "contentType": "application/octet-stream",
    "dontCache": false,
    "enableBasicAuth": false,
    "grantees": [
      {
        "allowed": "accessControl,read,write,delete",
        "name": "admin"
      }
    ],
    "id": "472ac52d97d6483194714cddb8606d81",
    "includeInFrontendExport": true,
    "isTemplate": false,
    "owner": {
      "name": "admin"
    },
    "type": "File",
    "useAsJavascriptLibrary": false,
    "visibleToAuthenticatedUsers": true,
    "visibleToPublicUsers": true
  },
  "/getbootstrap.com": {
    "basicAuthRealm": null,
    "cacheForSeconds": null,
    "contentType": null,
    "enableBasicAuth": false,
    "grantees": [
      {
        "allowed": "accessControl,read,write,delete",
        "name": "admin"
      }
    ],
    "id": "fa4e03fcb6d64b36bef0061618180d08",
    "includeInFrontendExport": true,
    "owner": {
      "name": "admin"
    },
    "type": "Folder",
    "useAsJavascriptLibrary": false,
    "visibleToAuthenticatedUsers": false,
    "visibleToPublicUsers": false
  },
  "/getbootstrap.com/jumbotron": {
    "basicAuthRealm": null,
    "cacheForSeconds": null,
    "contentType": "text/html",
    "dontCache": false,
    "enableBasicAuth": false,
    "grantees": [
      {
        "allowed": "accessControl,read,write,delete",
        "name": "admin"
      }
    ],
    "id": "e59cd1876590407abcb68a7fbd1e24f9",
    "includeInFrontendExport": true,
    "isTemplate": false,
    "owner": {
      "name": "admin"
    },
    "type": "File",
    "useAsJavascriptLibrary": false,
    "visibleToAuthenticatedUsers": true,
    "visibleToPublicUsers": true
  },
  "/getbootstrap.com/navbars": {
    "basicAuthRealm": null,
    "cacheForSeconds": null,
    "contentType": "text/html",
    "dontCache": false,
    "enableBasicAuth": false,
    "grantees": [
      {
        "allowed": "accessControl,read,write,delete",
        "name": "admin"
      }
    ],
    "id": "5651bc0292ec409bbe622679e3b38690",
    "includeInFrontendExport": true,
    "isTemplate": false,
    "owner": {
      "name": "admin"
    },
    "type": "File",
    "useAsJavascriptLibrary": false,
    "visibleToAuthenticatedUsers": true,
    "visibleToPublicUsers": true
  },
  "/getbootstrap.com/starter-template": {
    "basicAuthRealm": null,
    "cacheForSeconds": null,
    "contentType": "text/html",
    "dontCache": false,
    "enableBasicAuth": false,
    "grantees": [
      {
        "allowed": "accessControl,read,write,delete",
        "name": "admin"
      }
    ],
    "id": "1dc081a619dc47cc9ccc0f3545501e47",
    "includeInFrontendExport": true,
    "isTemplate": false,
    "owner": {
      "name": "admin"
    },
    "type": "File",
    "useAsJavascriptLibrary": false,
    "visibleToAuthenticatedUsers": true,
    "visibleToPublicUsers": true
  },
  "/jumbotron.css": {
    "basicAuthRealm": null,
    "cacheForSeconds": null,
    "contentType": "text/css",
    "dontCache": false,
    "enableBasicAuth": false,
    "grantees": [
      {
        "allowed": "accessControl,read,write,delete",
        "name": "admin"
      }
    ],
    "id": "eeaf96c1281b44ddaa277ccf2a9ae45c",
    "includeInFrontendExport": true,
    "isTemplate": false,
    "owner": {
      "name": "admin"
    },
    "type": "File",
    "useAsJavascriptLibrary": false,
    "visibleToAuthenticatedUsers": true,
    "visibleToPublicUsers": true
  },
  "/main-es2015.32751c91223dacb73c2b.js": {
    "basicAuthRealm": null,
    "cacheForSeconds": null,
    "contentType": "application/javascript",
    "dontCache": false,
    "enableBasicAuth": false,
    "grantees": [
      {
        "allowed": "accessControl,read,write,delete",
        "name": "admin"
      }
    ],
    "id": "f96830ec925744febda601e83b794748",
    "includeInFrontendExport": true,
    "isTemplate": false,
    "owner": {
      "name": "admin"
    },
    "type": "File",
    "useAsJavascriptLibrary": false,
    "visibleToAuthenticatedUsers": false,
    "visibleToPublicUsers": false
  },
  "/main-es5.32751c91223dacb73c2b.js": {
    "basicAuthRealm": null,
    "cacheForSeconds": null,
    "contentType": "application/javascript",
    "dontCache": false,
    "enableBasicAuth": false,
    "grantees": [
      {
        "allowed": "accessControl,read,write,delete",
        "name": "admin"
      }
    ],
    "id": "3935cebd62fd4fea8248cdfb9fc5757e",
    "includeInFrontendExport": true,
    "isTemplate": false,
    "owner": {
      "name": "admin"
    },
    "type": "File",
    "useAsJavascriptLibrary": false,
    "visibleToAuthenticatedUsers": false,
    "visibleToPublicUsers": false
  },
  "/manifest.webmanifest": {
    "basicAuthRealm": null,
    "cacheForSeconds": null,
    "contentType": "application/octet-stream",
    "dontCache": false,
    "enableBasicAuth": false,
    "grantees": [
      {
        "allowed": "accessControl,read,write,delete",
        "name": "admin"
      }
    ],
    "id": "812e9dbc8f0d4ecdb4542f26b5c45e5c",
    "includeInFrontendExport": true,
    "isTemplate": false,
    "owner": {
      "name": "admin"
    },
    "type": "File",
    "useAsJavascriptLibrary": false,
    "visibleToAuthenticatedUsers": false,
    "visibleToPublicUsers": false
  },
  "/navbar.css": {
    "basicAuthRealm": null,
    "cacheForSeconds": null,
    "contentType": "text/css",
    "dontCache": false,
    "enableBasicAuth": false,
    "grantees": [
      {
        "allowed": "accessControl,read,write,delete",
        "name": "admin"
      }
    ],
    "id": "026b548a42924df1b4bdae86d946471f",
    "includeInFrontendExport": true,
    "isTemplate": false,
    "owner": {
      "name": "admin"
    },
    "type": "File",
    "useAsJavascriptLibrary": false,
    "visibleToAuthenticatedUsers": true,
    "visibleToPublicUsers": true
  },
  "/netdna.bootstrapcdn.com": {
    "basicAuthRealm": null,
    "cacheForSeconds": null,
    "contentType": null,
    "enableBasicAuth": false,
    "grantees": [
      {
        "allowed": "accessControl,read,write,delete",
        "name": "admin"
      }
    ],
    "id": "f715fff94d724d9a976f58762cf1f0cf",
    "includeInFrontendExport": true,
    "owner": {
      "name": "admin"
    },
    "type": "Folder",
    "useAsJavascriptLibrary": false,
    "visibleToAuthenticatedUsers": false,
    "visibleToPublicUsers": false
  },
  "/netdna.bootstrapcdn.com/bootstrap.min.css": {
    "basicAuthRealm": null,
    "cacheForSeconds": null,
    "contentType": "text/css",
    "dontCache": false,
    "enableBasicAuth": false,
    "grantees": [
      {
        "allowed": "accessControl,read,write,delete",
        "name": "admin"
      }
    ],
    "id": "95cc8f9856204654937ae04183eeeb48",
    "includeInFrontendExport": true,
    "isTemplate": false,
    "owner": {
      "name": "admin"
    },
    "type": "File",
    "useAsJavascriptLibrary": false,
    "visibleToAuthenticatedUsers": true,
    "visibleToPublicUsers": true
  },
  "/netdna.bootstrapcdn.com/bootstrap.min.js": {
    "basicAuthRealm": null,
    "cacheForSeconds": null,
    "contentType": "application/javascript",
    "dontCache": false,
    "enableBasicAuth": false,
    "grantees": [
      {
        "allowed": "accessControl,read,write,delete",
        "name": "admin"
      }
    ],
    "id": "c3e07505b1844421a17366272010ba09",
    "includeInFrontendExport": true,
    "isTemplate": false,
    "owner": {
      "name": "admin"
    },
    "type": "File",
    "useAsJavascriptLibrary": false,
    "visibleToAuthenticatedUsers": true,
    "visibleToPublicUsers": true
  },
  "/netdna.bootstrapcdn.com/font-awesome.min.css": {
    "basicAuthRealm": null,
    "cacheForSeconds": null,
    "contentType": "text/css",
    "dontCache": false,
    "enableBasicAuth": false,
    "grantees": [
      {
        "allowed": "accessControl,read,write,delete",
        "name": "admin"
      }
    ],
    "id": "fda53253f1e34b0ba4febd263b2739d0",
    "includeInFrontendExport": true,
    "isTemplate": false,
    "owner": {
      "name": "admin"
    },
    "type": "File",
    "useAsJavascriptLibrary": false,
    "visibleToAuthenticatedUsers": true,
    "visibleToPublicUsers": true
  },
  "/pagead2.googlesyndication.com": {
    "basicAuthRealm": null,
    "cacheForSeconds": null,
    "contentType": null,
    "enableBasicAuth": false,
    "grantees": [
      {
        "allowed": "accessControl,read,write,delete",
        "name": "admin"
      }
    ],
    "id": "80d5409d16094cd2a273f46b66485952",
    "includeInFrontendExport": true,
    "owner": {
      "name": "admin"
    },
    "type": "Folder",
    "useAsJavascriptLibrary": false,
    "visibleToAuthenticatedUsers": false,
    "visibleToPublicUsers": false
  },
  "/pagead2.googlesyndication.com/adsbygoogle.js": {
    "basicAuthRealm": null,
    "cacheForSeconds": null,
    "contentType": "application/javascript",
    "dontCache": false,
    "enableBasicAuth": false,
    "grantees": [
      {
        "allowed": "accessControl,read,write,delete",
        "name": "admin"
      }
    ],
    "id": "74cb228d266b48cf846e068b974bac24",
    "includeInFrontendExport": true,
    "isTemplate": false,
    "owner": {
      "name": "admin"
    },
    "type": "File",
    "useAsJavascriptLibrary": false,
    "visibleToAuthenticatedUsers": true,
    "visibleToPublicUsers": true
  },
  "/placehold.it": {
    "basicAuthRealm": null,
    "cacheForSeconds": null,
    "contentType": null,
    "enableBasicAuth": false,
    "grantees": [
      {
        "allowed": "accessControl,read,write,delete",
        "name": "admin"
      }
    ],
    "id": "2aa6e4221414442292ab911f07c983af",
    "includeInFrontendExport": true,
    "owner": {
      "name": "admin"
    },
    "type": "Folder",
    "useAsJavascriptLibrary": false,
    "visibleToAuthenticatedUsers": false,
    "visibleToPublicUsers": false
  },
  "/placehold.it/50x50": {
    "basicAuthRealm": null,
    "cacheForSeconds": null,
    "contentType": "image/png",
    "dontCache": false,
    "enableBasicAuth": false,
    "grantees": [
      {
        "allowed": "accessControl,read,write,delete",
        "name": "admin"
      }
    ],
    "height": null,
    "id": "217ef7f649264646bbdc3e78d28ee708",
    "includeInFrontendExport": true,
    "isImage": true,
    "isTemplate": false,
    "isThumbnail": false,
    "owner": {
      "name": "admin"
    },
    "type": "Image",
    "useAsJavascriptLibrary": false,
    "visibleToAuthenticatedUsers": true,
    "visibleToPublicUsers": true,
    "width": null
  },
  "/placehold.it/750x300": {
    "basicAuthRealm": null,
    "cacheForSeconds": null,
    "contentType": "image/png",
    "dontCache": false,
    "enableBasicAuth": false,
    "grantees": [
      {
        "allowed": "accessControl,read,write,delete",
        "name": "admin"
      }
    ],
    "height": null,
    "id": "db3d5bb19dbb44bdad6b7b4b3a2d3f96",
    "includeInFrontendExport": true,
    "isImage": true,
    "isTemplate": false,
    "isThumbnail": false,
    "owner": {
      "name": "admin"
    },
    "type": "Image",
    "useAsJavascriptLibrary": false,
    "visibleToAuthenticatedUsers": true,
    "visibleToPublicUsers": true,
    "width": null
  },
  "/placehold.it/900x300": {
    "basicAuthRealm": null,
    "cacheForSeconds": null,
    "contentType": "image/png",
    "dontCache": false,
    "enableBasicAuth": false,
    "grantees": [
      {
        "allowed": "accessControl,read,write,delete",
        "name": "admin"
      }
    ],
    "height": null,
    "id": "5445401f284348278ff3d4595d0e7dc4",
    "includeInFrontendExport": true,
    "isImage": true,
    "isTemplate": false,
    "isThumbnail": false,
    "owner": {
      "name": "admin"
    },
    "type": "Image",
    "useAsJavascriptLibrary": false,
    "visibleToAuthenticatedUsers": true,
    "visibleToPublicUsers": true,
    "width": null
  },
  "/polyfills-es2015.9509cf6cf3660a1b8556.js": {
    "basicAuthRealm": null,
    "cacheForSeconds": null,
    "contentType": "application/javascript",
    "dontCache": false,
    "enableBasicAuth": false,
    "grantees": [
      {
        "allowed": "accessControl,read,write,delete",
        "name": "admin"
      }
    ],
    "id": "f86d7d67bda44371a9f544bcea5079f7",
    "includeInFrontendExport": true,
    "isTemplate": false,
    "owner": {
      "name": "admin"
    },
    "type": "File",
    "useAsJavascriptLibrary": false,
    "visibleToAuthenticatedUsers": false,
    "visibleToPublicUsers": false
  },
  "/polyfills-es5.3e6b557be049eae06693.js": {
    "basicAuthRealm": null,
    "cacheForSeconds": null,
    "contentType": "application/javascript",
    "dontCache": false,
    "enableBasicAuth": false,
    "grantees": [
      {
        "allowed": "accessControl,read,write,delete",
        "name": "admin"
      }
    ],
    "id": "a852c7b7e2434bdab66a23d8e7921a08",
    "includeInFrontendExport": true,
    "isTemplate": false,
    "owner": {
      "name": "admin"
    },
    "type": "File",
    "useAsJavascriptLibrary": false,
    "visibleToAuthenticatedUsers": false,
    "visibleToPublicUsers": false
  },
  "/runtime-es2015.a3d57cf675db89a1ca9a.js": {
    "basicAuthRealm": null,
    "cacheForSeconds": null,
    "contentType": "application/javascript",
    "dontCache": false,
    "enableBasicAuth": false,
    "grantees": [
      {
        "allowed": "accessControl,read,write,delete",
        "name": "admin"
      }
    ],
    "id": "1f007d370f8842a2a44adc222d8033e5",
    "includeInFrontendExport": true,
    "isTemplate": false,
    "owner": {
      "name": "admin"
    },
    "type": "File",
    "useAsJavascriptLibrary": false,
    "visibleToAuthenticatedUsers": false,
    "visibleToPublicUsers": false
  },
  "/runtime-es5.a3d57cf675db89a1ca9a.js": {
    "basicAuthRealm": null,
    "cacheForSeconds": null,
    "contentType": "application/javascript",
    "dontCache": false,
    "enableBasicAuth": false,
    "grantees": [
      {
        "allowed": "accessControl,read,write,delete",
        "name": "admin"
      }
    ],
    "id": "75b6d4b57b0d47659c5121d4ed0de5e7",
    "includeInFrontendExport": true,
    "isTemplate": false,
    "owner": {
      "name": "admin"
    },
    "type": "File",
    "useAsJavascriptLibrary": false,
    "visibleToAuthenticatedUsers": false,
    "visibleToPublicUsers": false
  },
  "/s3.amazonaws.com": {
    "basicAuthRealm": null,
    "cacheForSeconds": null,
    "contentType": null,
    "enableBasicAuth": false,
    "grantees": [
      {
        "allowed": "accessControl,read,write,delete",
        "name": "admin"
      }
    ],
    "id": "5378851dd1a34111b15b1f0e7326e5c3",
    "includeInFrontendExport": true,
    "owner": {
      "name": "admin"
    },
    "type": "Folder",
    "useAsJavascriptLibrary": false,
    "visibleToAuthenticatedUsers": false,
    "visibleToPublicUsers": false
  },
  "/s3.amazonaws.com/opt_argon_thumbnail.jpg": {
    "basicAuthRealm": null,
    "cacheForSeconds": null,
    "contentType": "image/jpeg",
    "dontCache": false,
    "enableBasicAuth": false,
    "grantees": [
      {
        "allowed": "accessControl,read,write,delete",
        "name": "admin"
      }
    ],
    "height": null,
    "id": "b9a9d3cb2e204047877afa5792a174ad",
    "includeInFrontendExport": true,
    "isImage": true,
    "isTemplate": false,
    "isThumbnail": false,
    "owner": {
      "name": "admin"
    },
    "type": "Image",
    "useAsJavascriptLibrary": false,
    "visibleToAuthenticatedUsers": true,
    "visibleToPublicUsers": true,
    "width": null
  },
  "/scripts.7db5a8a1df1d2146c813.js": {
    "basicAuthRealm": null,
    "cacheForSeconds": null,
    "contentType": "application/javascript",
    "dontCache": false,
    "enableBasicAuth": false,
    "grantees": [
      {
        "allowed": "accessControl,read,write,delete",
        "name": "admin"
      }
    ],
    "id": "a5162c708665437d98339a350322dbbb",
    "includeInFrontendExport": true,
    "isTemplate": false,
    "owner": {
      "name": "admin"
    },
    "type": "File",
    "useAsJavascriptLibrary": false,
    "visibleToAuthenticatedUsers": false,
    "visibleToPublicUsers": false
  },
  "/starter-template.css": {
    "basicAuthRealm": null,
    "cacheForSeconds": null,
    "contentType": "text/css",
    "dontCache": false,
    "enableBasicAuth": false,
    "grantees": [
      {
        "allowed": "accessControl,read,write,delete",
        "name": "admin"
      }
    ],
    "id": "56bd36b5d6f546e3987deb828b6f6e4f",
    "includeInFrontendExport": true,
    "isTemplate": false,
    "owner": {
      "name": "admin"
    },
    "type": "File",
    "useAsJavascriptLibrary": false,
    "visibleToAuthenticatedUsers": true,
    "visibleToPublicUsers": true
  },
  "/static.cloudflareinsights.com": {
    "basicAuthRealm": null,
    "cacheForSeconds": null,
    "contentType": null,
    "enableBasicAuth": false,
    "grantees": [
      {
        "allowed": "accessControl,read,write,delete",
        "name": "admin"
      }
    ],
    "id": "3e1a86eb15374533bfab98ea3830cc09",
    "includeInFrontendExport": true,
    "owner": {
      "name": "admin"
    },
    "type": "Folder",
    "useAsJavascriptLibrary": false,
    "visibleToAuthenticatedUsers": false,
    "visibleToPublicUsers": false
  },
  "/static.cloudflareinsights.com/beacon.min.js": {
    "basicAuthRealm": null,
    "cacheForSeconds": null,
    "contentType": "application/javascript",
    "dontCache": false,
    "enableBasicAuth": false,
    "grantees": [
      {
        "allowed": "accessControl,read,write,delete",
        "name": "admin"
      }
    ],
    "id": "6ee1f4ad36ae410196992a3a916a159e",
    "includeInFrontendExport": true,
    "isTemplate": false,
    "owner": {
      "name": "admin"
    },
    "type": "File",
    "useAsJavascriptLibrary": false,
    "visibleToAuthenticatedUsers": true,
    "visibleToPublicUsers": true
  },
  "/styles-admin.css": {
    "basicAuthRealm": null,
    "cacheForSeconds": null,
    "contentType": "text/css",
    "dontCache": false,
    "enableBasicAuth": false,
    "grantees": [
      {
        "allowed": "accessControl,read,write,delete",
        "name": "admin"
      }
    ],
    "id": "5860d680a06342c3b74b6b78e111d194",
    "includeInFrontendExport": true,
    "isTemplate": false,
    "owner": {
      "name": "admin"
    },
    "type": "File",
    "useAsJavascriptLibrary": false,
    "visibleToAuthenticatedUsers": false,
    "visibleToPublicUsers": false
  },
  "/styles-ui-kit.css": {
    "basicAuthRealm": null,
    "cacheForSeconds": null,
    "contentType": "text/css",
    "dontCache": false,
    "enableBasicAuth": false,
    "grantees": [
      {
        "allowed": "accessControl,read,write,delete",
        "name": "admin"
      }
    ],
    "id": "1307908d14504c539fe77eac3f3f13c3",
    "includeInFrontendExport": true,
    "isTemplate": false,
    "owner": {
      "name": "admin"
    },
    "type": "File",
    "useAsJavascriptLibrary": false,
    "visibleToAuthenticatedUsers": false,
    "visibleToPublicUsers": false
  },
  "/styles.css": {
    "basicAuthRealm": null,
    "cacheForSeconds": null,
    "contentType": "text/css",
    "dontCache": false,
    "enableBasicAuth": false,
    "grantees": [
      {
        "allowed": "accessControl,read,write,delete",
        "name": "admin"
      }
    ],
    "id": "a1fee704054d4cb7a2424cddd6423e1e",
    "includeInFrontendExport": true,
    "isTemplate": false,
    "owner": {
      "name": "admin"
    },
    "type": "File",
    "useAsJavascriptLibrary": false,
    "visibleToAuthenticatedUsers": false,
    "visibleToPublicUsers": false
  },
  "/vendor-es2015.6fe4584447c34d71ff5b.js": {
    "basicAuthRealm": null,
    "cacheForSeconds": null,
    "contentType": "application/javascript",
    "dontCache": false,
    "enableBasicAuth": false,
    "grantees": [
      {
        "allowed": "accessControl,read,write,delete",
        "name": "admin"
      }
    ],
    "id": "4536a081759e4a98a227b17743333e58",
    "includeInFrontendExport": true,
    "isTemplate": false,
    "owner": {
      "name": "admin"
    },
    "type": "File",
    "useAsJavascriptLibrary": false,
    "visibleToAuthenticatedUsers": false,
    "visibleToPublicUsers": false
  },
  "/vendor-es5.6fe4584447c34d71ff5b.js": {
    "basicAuthRealm": null,
    "cacheForSeconds": null,
    "contentType": "application/javascript",
    "dontCache": false,
    "enableBasicAuth": false,
    "grantees": [
      {
        "allowed": "accessControl,read,write,delete",
        "name": "admin"
      }
    ],
    "id": "eef1bebf880143f5a68369dcd6a0978c",
    "includeInFrontendExport": true,
    "isTemplate": false,
    "owner": {
      "name": "admin"
    },
    "type": "File",
    "useAsJavascriptLibrary": false,
    "visibleToAuthenticatedUsers": false,
    "visibleToPublicUsers": false
  },
  "/www.danstools.com": {
    "basicAuthRealm": null,
    "cacheForSeconds": null,
    "contentType": null,
    "enableBasicAuth": false,
    "grantees": [
      {
        "allowed": "accessControl,read,write,delete",
        "name": "admin"
      }
    ],
    "id": "271f8d00fa3e46249755d96beaa79079",
    "includeInFrontendExport": true,
    "owner": {
      "name": "admin"
    },
    "type": "Folder",
    "useAsJavascriptLibrary": false,
    "visibleToAuthenticatedUsers": false,
    "visibleToPublicUsers": false
  },
  "/www.danstools.com/forum.js": {
    "basicAuthRealm": null,
    "cacheForSeconds": null,
    "contentType": "application/javascript",
    "dontCache": false,
    "enableBasicAuth": false,
    "grantees": [
      {
        "allowed": "accessControl,read,write,delete",
        "name": "admin"
      }
    ],
    "id": "f9b74019be6543709df607d8ffe4f08b",
    "includeInFrontendExport": true,
    "isTemplate": false,
    "owner": {
      "name": "admin"
    },
    "type": "File",
    "useAsJavascriptLibrary": false,
    "visibleToAuthenticatedUsers": true,
    "visibleToPublicUsers": true
  },
  "/www.google.com": {
    "basicAuthRealm": null,
    "cacheForSeconds": null,
    "contentType": null,
    "enableBasicAuth": false,
    "grantees": [
      {
        "allowed": "accessControl,read,write,delete",
        "name": "admin"
      }
    ],
    "id": "453ffcadc6904b5c811d89c7ce9b62da",
    "includeInFrontendExport": true,
    "owner": {
      "name": "admin"
    },
    "type": "Folder",
    "useAsJavascriptLibrary": false,
    "visibleToAuthenticatedUsers": false,
    "visibleToPublicUsers": false
  },
  "/www.google.com/api.js": {
    "basicAuthRealm": null,
    "cacheForSeconds": null,
    "contentType": "application/javascript",
    "dontCache": false,
    "enableBasicAuth": false,
    "grantees": [
      {
        "allowed": "accessControl,read,write,delete",
        "name": "admin"
      }
    ],
    "id": "19850034a3ce4c9b80da3e1ece403136",
    "includeInFrontendExport": true,
    "isTemplate": false,
    "owner": {
      "name": "admin"
    },
    "type": "File",
    "useAsJavascriptLibrary": false,
    "visibleToAuthenticatedUsers": false,
    "visibleToPublicUsers": false
  },
  "/www.google.com/api_2021-03-07-015037439.js": {
    "basicAuthRealm": null,
    "cacheForSeconds": null,
    "contentType": "application/javascript",
    "dontCache": false,
    "enableBasicAuth": false,
    "grantees": [
      {
        "allowed": "accessControl,read,write,delete",
        "name": "admin"
      }
    ],
    "id": "3d940a69c7a443d785c44990ab5c1ad1",
    "includeInFrontendExport": true,
    "isTemplate": false,
    "owner": {
      "name": "admin"
    },
    "type": "File",
    "useAsJavascriptLibrary": false,
    "visibleToAuthenticatedUsers": true,
    "visibleToPublicUsers": true
  },
  "/www.paypalobjects.com": {
    "basicAuthRealm": null,
    "cacheForSeconds": null,
    "contentType": null,
    "enableBasicAuth": false,
    "grantees": [
      {
        "allowed": "accessControl,read,write,delete",
        "name": "admin"
      }
    ],
    "id": "026c3e9a3a8c40e29da1f90ac87479ff",
    "includeInFrontendExport": true,
    "owner": {
      "name": "admin"
    },
    "type": "Folder",
    "useAsJavascriptLibrary": false,
    "visibleToAuthenticatedUsers": false,
    "visibleToPublicUsers": false
  },
  "/www.paypalobjects.com/btn_donateCC_LG.gif": {
    "basicAuthRealm": null,
    "cacheForSeconds": null,
    "contentType": "image/gif",
    "dontCache": false,
    "enableBasicAuth": false,
    "grantees": [
      {
        "allowed": "accessControl,read,write,delete",
        "name": "admin"
      }
    ],
    "height": null,
    "id": "151db0319b384f89aa8b4aaf5a569209",
    "includeInFrontendExport": true,
    "isImage": true,
    "isTemplate": false,
    "isThumbnail": false,
    "owner": {
      "name": "admin"
    },
    "type": "Image",
    "useAsJavascriptLibrary": false,
    "visibleToAuthenticatedUsers": true,
    "visibleToPublicUsers": true,
    "width": null
  },
  "/www.paypalobjects.com/pixel.gif": {
    "basicAuthRealm": null,
    "cacheForSeconds": null,
    "contentType": "image/gif",
    "dontCache": false,
    "enableBasicAuth": false,
    "grantees": [
      {
        "allowed": "accessControl,read,write,delete",
        "name": "admin"
      }
    ],
    "height": null,
    "id": "fa61d66f632142579726ad49c6c810b7",
    "includeInFrontendExport": true,
    "isImage": true,
    "isTemplate": false,
    "isThumbnail": false,
    "owner": {
      "name": "admin"
    },
    "type": "Image",
    "useAsJavascriptLibrary": false,
    "visibleToAuthenticatedUsers": true,
    "visibleToPublicUsers": true,
    "width": null
  }
}