{
  "Bouwstenen": {
    "basicAuthRealm": null,
    "cacheForSeconds": null,
    "category": null,
    "contentType": "text/html",
    "dontCache": false,
    "enableBasicAuth": false,
    "grantees": [
      {
        "allowed": "accessControl,read,write,delete",
        "name": "admin"
      }
    ],
    "hidden": false,
    "hideConditions": null,
    "id": "aa4a55e44f334e679298b9fc6c219cee",
    "owner": {
      "name": "admin"
    },
    "pageCreatesRawData": false,
    "path": null,
    "position": null,
    "showConditions": null,
    "showOnErrorCodes": null,
    "visibleToAuthenticatedUsers": true,
    "visibleToPublicUsers": true
  },
  "Quotes": {
    "basicAuthRealm": null,
    "cacheForSeconds": null,
    "category": null,
    "contentType": "text/html",
    "dontCache": false,
    "enableBasicAuth": false,
    "grantees": [
      {
        "allowed": "accessControl,read,write,delete",
        "name": "admin"
      }
    ],
    "hidden": false,
    "hideConditions": null,
    "id": "10987729e6dd4999ba7a826376381c37",
    "owner": {
      "name": "admin"
    },
    "pageCreatesRawData": false,
    "path": null,
    "position": null,
    "showConditions": null,
    "showOnErrorCodes": null,
    "visibleToAuthenticatedUsers": true,
    "visibleToPublicUsers": true
  },
  "blog-home": {
    "basicAuthRealm": null,
    "cacheForSeconds": null,
    "category": null,
    "contentType": "text/html",
    "dontCache": false,
    "enableBasicAuth": false,
    "grantees": [
      {
        "allowed": "accessControl,read,write,delete",
        "name": "admin"
      }
    ],
    "hidden": false,
    "hideConditions": null,
    "id": "5a938d048f01447a8df8273413328c24",
    "owner": {
      "name": "admin"
    },
    "pageCreatesRawData": false,
    "path": null,
    "position": 10,
    "showConditions": null,
    "showOnErrorCodes": null,
    "visibleToAuthenticatedUsers": true,
    "visibleToPublicUsers": true
  },
  "blog-post": {
    "basicAuthRealm": null,
    "cacheForSeconds": null,
    "category": null,
    "contentType": "text/html",
    "dontCache": false,
    "enableBasicAuth": false,
    "grantees": [
      {
        "allowed": "accessControl,read,write,delete",
        "name": "admin"
      }
    ],
    "hidden": false,
    "hideConditions": null,
    "id": "5ff69c42180a49669a23b791e929817e",
    "owner": {
      "name": "admin"
    },
    "pageCreatesRawData": false,
    "path": null,
    "position": null,
    "showConditions": null,
    "showOnErrorCodes": null,
    "visibleToAuthenticatedUsers": true,
    "visibleToPublicUsers": true
  },
  "jumbotron": {
    "basicAuthRealm": null,
    "cacheForSeconds": null,
    "category": null,
    "contentType": "text/html",
    "dontCache": false,
    "enableBasicAuth": false,
    "grantees": [
      {
        "allowed": "accessControl,read,write,delete",
        "name": "admin"
      }
    ],
    "hidden": false,
    "hideConditions": null,
    "id": "88634ee5cb03474e935ed2873d45ddd8",
    "owner": {
      "name": "admin"
    },
    "pageCreatesRawData": false,
    "path": null,
    "position": null,
    "showConditions": null,
    "showOnErrorCodes": null,
    "visibleToAuthenticatedUsers": true,
    "visibleToPublicUsers": true
  },
  "jumbotron-14163": {
    "basicAuthRealm": null,
    "cacheForSeconds": null,
    "category": null,
    "contentType": "text/html",
    "dontCache": false,
    "enableBasicAuth": false,
    "grantees": [
      {
        "allowed": "accessControl,read,write,delete",
        "name": "admin"
      }
    ],
    "hidden": false,
    "hideConditions": null,
    "id": "3e8fcc4f962447ed86c490352598541f",
    "owner": {
      "name": "admin"
    },
    "pageCreatesRawData": false,
    "path": null,
    "position": null,
    "showConditions": null,
    "showOnErrorCodes": null,
    "visibleToAuthenticatedUsers": true,
    "visibleToPublicUsers": true
  }
}